_db_type,Material_Name,Curie,Neel,Crystal_Structure,Magnetic_Moment,DOI,_query_formula,Lattice_Structure,Space_Group,Experimental,New_Column_Concatenated,Curie(Tc),Neel(Tn),Curie_Weiss,Curie_Weiss(θp),Lattice_Parameters,Coercivity,Magnetization,Remanence,Susceptibility
magnetic,Ba3Fe2TeO9,,,6H perovskite,3.40 μB per Fe3+ cation,10.1016/j.jssc.2017.06.019,Ba3Fe2TeO9,Hexagonal,P63/mmc,0,O9.0Fe2.0Te1Ba3.0,,,-167 K,-167,"{'a': '5.76882 Å', 'c': '14.19859 Å'}",0.1 kOe,,0.005 μB per formula unit,Field-dependent at low temperature
magnetic,Ba3Fe2WO9,330,,Hexagonal,,10.1016/j.jssc.2005.08.012,Ba3Fe2WO9,Perovskite,P63/mmc,0,O9.0Fe2.0Ba3.0W1,330 K,,,,,,,,
magnetic,Ba3Fe2WO9,,223,6H perovskite,"Fe1: 3.24 μB, Fe2/W2: 3.93 μB",10.1016/j.jssc.2017.06.019,Ba3Fe2WO9,Hexagonal,,0,O9.0Fe2.0Ba3.0W1,,223 K,,,,,,,
magnetic,BaFe2(PO4)2,65.5,,R-3,,10.1016/j.solidstatesciences.2015.12.013,BaFe2(PO4)2,Honeycomb,R-3,0,O8.0P2.0Fe2.0Ba1,65.5 K,,"16.84 K, 1.43 K, 3.76 K",7.34333333333333,"{'a': '4.873 Å', 'b': '4.873 Å', 'c': '23.368 Å'}",,,,
magnetic,BaFeO3,250,160,Cubic,"3.97 μB (FM), 3.1 μB (A-AFM), 4.15 μB (G-AFM)",10.1016/j.spmi.2014.10.004,BaFeO3,Perovskite,Pm-3m,0,O3.0Fe1Ba1,250 K,160 K,,,{'a': '3.994 Å'},,,,
magnetic,BaMn2V2O8,,37,,,10.1016/j.jmmm.2011.05.056,BaMn2V2O8,,,0,O8.0V2.0Mn2.0Ba1,,37K,,,{'a': '6.2781 Å'},,,,
magnetic,BaMnO3,,59 K,2H,,10.1016/j.jmmm.2021.168539,BaMnO3,Hexagonal,P63mc,0,,,59 K,,,,,,,
magnetic,Co2SnO4,,41,Inverse Spinel,,10.1016/j.jallcom.2020.156962,Co2SnO4,Cubic,Fd-3m,0,O4.0Co2.0Sn1,,41 K,,,{'a': '8.6363'},,,,
magnetic,Co3(PO4)2,,30,monoclinic,"3.77 μB (Co1), 3.49 μB (Co2)",10.1016/j.jallcom.2020.155028,Co3(PO4)2,P 21/c,P 21/c,0,O8.0P2.0Co3.0,,30 K,,,"{'a': '5.063 Å', 'b': '8.361 Å', 'c': '8.788 Å'}",,,,
magnetic,Co3O4,,25,Spinel,4.4 μB,10.1016/S0304-8853(02)00050-1,Co3O4,Cubic,,0,O4.0Co3.0,,25 K,-85 K,-85,{'a': '8.082 Å'},700 Oe,0.227 emu/g,,
magnetic,Co3O4,,23.175,Normal spinel,2.7(1) μB at 5 K,10.1016/j.jmmm.2020.166874,Co3O4,Cubic,Fd-3m,0,O4.0Co3.0,,"33 K (0 GPa), 51 K (8.7 GPa)",,,{'a': '8.086(1) Å'},,,,
magnetic,Co3O4,,34,Cubic spinel,4.39 μB,10.1016/j.jmmm.2013.07.064,Co3O4,Cubic,Fd3m,0,O4.0Co3.0,,34 K,-89 K,-89,{'a': '8.093 Å'},"110 Oe (ZFC), 405 Oe (FC)",,0.022 emu/g,
magnetic,Co3O4,,40,Cubic Spinel,,10.1016/j.jmmm.2020.167479,Co3O4,Cubic,,0,O4.0Co3.0,,40 K,,,{'a': '0.808 nm'},,,,
magnetic,Co3O4,,33,,,10.1016/j.jssc.2009.01.011,Co3O4,,,0,O4.0Co3.0,,33 K,,,,,,,
magnetic,Co3O4,,35,Cubic Spinel,,10.1016/j.jallcom.2020.155933,Co3O4,Face-centered cubic,,0,O4.0Co3.0,,30-40 K,,,,,,,
magnetic,Co3O4,,40,Spinel,0 μB,10.1016/j.tsf.2018.06.022,Co3O4,Cubic,Fd-3m,0,O4.0Co3.0,,40 K,,,"{'a': '0.404 nm', 'b': '0.404 nm', 'c': '0.404 nm'}",,,,
magnetic,Co3O4,,30,Cubic,,10.1016/j.jssc.2018.01.007,Co3O4,Spinel,,0,O4.0Co3.0,,30.0 K,,,,,,,
magnetic,Co3O4,,40,Cubic,,10.1016/j.physb.2020.412402,Co3O4,Cubic,Fd-3m,0,O4.0Co3.0,,40 K,,,,,,,
magnetic,Co3O4,,30,Cubic Spinel,,10.1016/j.solidstatesciences.2008.10.012,Co3O4,FCC,,0,O4.0Co3.0,,30 K,,,{'a': '8.082 Å'},,,,
magnetic,Co3O4,,33,spinel,8.12 μB (3.1 nm),10.1016/j.poly.2005.03.158,Co3O4,cubic,,0,O4.0Co3.0,,33K,"34K (9.2 nm), 48K (3.1 nm)",23.575,{'a': '0.808-0.817 nm'},"110 Oe (3.1 nm), 150 Oe (9.2 nm)",,,
magnetic,Co3O4,,40,Cubic,,10.1016/j.jallcom.2015.09.040,Co3O4,,,0,O4.0Co3.0,,40 K,,,{'a': '8.04 Å'},230 Oe (at 2 K),,0.0065 emu/g (at 2 K),
magnetic,Co3O4,,40,Cubic,,10.1016/j.matchemphys.2012.09.025,Co3O4,Spinel,,0,O4.0Co3.0,,40 K,,,{'a': '0.8065 nm'},"{'Room Temperature': 'NA', '5 K': 'NA'}","{'Room Temperature': 'NA', '5 K': 'NA'}","{'Room Temperature': 'NA', '5 K': 'NA'}",
magnetic,Co3O4,,20,,,10.1016/S1369-7021(05)71078-6,Co3O4,,,0,O4.0Co3.0,,20 K,4.8 K,4.8,,140 G,,,
magnetic,Co3O4,,40,,,10.1016/j.jallcom.2020.157256,Co3O4,,,0,O4.0Co3.0,,40 K,,,,,,,
magnetic,Co3O4,,14.5,Spinel,4.135(5) μB,10.1016/j.jmmm.2010.09.006,Co3O4,Cubic,Fd-3m,0,O4.0Co3.0,,28(1) K,-54.3(7) K,-30.65,,,,,
magnetic,Co3O4,,41.4,Spinel,,10.1016/j.jmmm.2010.09.043,Co3O4,,,0,O4.0Co3.0,,41.4 K,-16 K,-16,,,,,
magnetic,Co3O4,,30,Spinel,,10.1016/j.jmmm.2009.11.019,Co3O4,Cubic,Fd-3m,0,O4.0Co3.0,,30 K,,,,441.75 Oe,1.05 emu/g,0.02 emu/g,
magnetic,Co3O4,,36,Cubic Spinel,,10.1016/j.jallcom.2020.156991,Co3O4,Cubic,Fd-3m,0,O4.0Co3.0,,36 K,,,{'a': '8.0781'},,,,
magnetic,Co3Pt,380,,L12,6.725 μB/f.u.,10.1016/j.physb.2022.414615,Co3Pt,Cubic,Pm-3m,0,Co3.0Pt1,380 K,,,,"{'a': '3.672 Å', 'b': '3.672 Å', 'c': '3.672 Å'}",,,,
magnetic,CoPO4,45,,Olivine-type,3.1 μB,10.1016/j.solidstatesciences.2008.04.017,CoPO4,Orthorhombic,Pnma,0,O4.0P1Co1,45K,,,,"{'a': '9.58110', 'b': '5.78878', 'c': '4.76897'}",,,,
magnetic,CoPt,850,,L10 (tetragonal),,10.1016/j.jallcom.2017.12.202,CoPt,,,0,Co1Pt1,800-900 K,,,,,,,,
magnetic,CoPt3,280,,L12,3.472 μB/f.u.,10.1016/j.physb.2022.414615,CoPt3,Cubic,Pm-3m,0,Co1Pt3.0,280 K,,,,"{'a': '3.871 Å', 'b': '3.871 Å', 'c': '3.871 Å'}",,,,
magnetic,CoPt3,545.15,,Disordered,,10.1016/S0375-9601(00)00324-8,CoPt3,fcc,,0,Co1Pt3.0,272°C,,,,"{'a': '3.55 Å', 'b': '3.55 Å', 'c': '3.55 Å'}",192 KA/m,,,
magnetic,Cr2S3,300,,C3v symmetry,,10.1016/j.jmmm.2021.168657,Cr2S3,,156#,0,S3.0Cr2.0,Above room temperature,,,,,,,,
magnetic,Cr2S3,130,,trigonal/rhombohedral,,10.1016/j.progsolidstchem.2009.11.001,Cr2S3,,,0,S3.0Cr2.0,130 K,,,,,,,,
magnetic,Cr2S3,122 K,,Rhomb.,,Handbook of Magnetic Materials,Cr2S3,,,0,,122 K,,,,"{'a': '5.937', 'b': 'NA', 'c': '16.698'}",,,,
magnetic,Cr2S3,110 K,,Trig.,,Handbook of Magnetic Materials,Cr2S3,,,0,,110 K,,,,"{'a': '5.941', 'b': 'NA', 'c': '11.182'}",,,,
magnetic,Cr2Se3,300,,C3v symmetry,,10.1016/j.jmmm.2021.168657,Cr2Se3,,156#,0,Cr2.0Se3.0,Above room temperature,,,,,,,,
magnetic,Cr2Se3,,45,rhombohedral/trigonal,,10.1016/j.progsolidstchem.2009.11.001,Cr2Se3,,,0,Cr2.0Se3.0,,43-47 K,,,,,,,
magnetic,Cr2Se3,,43 K,Rhomb.,,Handbook of Magnetic Materials,Cr2Se3,,,0,,,43 K,,,"{'a': '12.509', 'b': 'NA', 'c': '34.765'}",,,,
magnetic,CrMoO4,,100,Monoclinic,,10.1016/j.jssc.2009.03.025,CrMoO4,Rutile-like,,0,O4.0Cr1Mo1,,100 K,,,,,,,
magnetic,CrNiP,146 K,,O,,Handbook of Magnetic Materials,CrNiP,orthorhombic,,0,,146 K,,,,"{'a': '5.789', 'b': '3.532', 'c': '6.807'}",,0.83 μB,,
magnetic,CrWO4,,42.5,Monoclinic,,10.1016/j.jssc.2009.03.025,CrWO4,Rutile-like,,0,O4.0Cr1W1,,40-45 K,,,,,,,
magnetic,CsCr5S8,,10,Monoclinic,3.95,10.1016/j.jssc.2010.03.013,CsCr5S8,Triangular lattices and double chains,C2/m,0,S8.0Cr5.0Cs1,,10,-283,-283,,,,,Curie-Weiss type
magnetic,CsFe2F6,,13.7,Orthorhombic,7.7 μB/f.u.,10.1016/j.jssc.2016.02.045,CsFe2F6,Pnma,Pnma,0,F6.0Fe2.0Cs1,,13.7 K,-260 K,-260,,,,,
magnetic,DyMn2O5,,43,Orthorhombic,12.42 μB/f.u.,10.1016/j.jmmm.2020.166698,DyMn2O5,,Pbam,0,O5.0Mn2.0Dy1,,43 K,-23 K,-23,,1.49 kOe,8.3 μB/f.u. at 150 kOe,,
magnetic,DyMn2O5,,45,Orthorhombic,,10.1016/j.jmmm.2008.11.050,DyMn2O5,,Pbam,0,O5.0Mn2.0Dy1,,45 K,,,,,,,
magnetic,DyMn2O5,,44,Orthorhombic,,10.1016/j.physb.2016.09.025,DyMn2O5,,Pbam,0,O5.0Mn2.0Dy1,,44 K,,,"{'a': '7.25 Å', 'b': '8.44 Å', 'c': '5.64 Å'}",,,,
magnetic,Er2Mn2O7,35,,Cubic Pyrochlore,18.9 μB/f.u.,10.1016/j.jmmm.2019.165494,Er2Mn2O7,Cubic,Fd-3m (No. 227),0,O7.0Mn2.0Er2.0,35 K,,37.4 K,37.4,{'a': '9.8842 Å'},,,,
magnetic,Er2Mn2O7,,4.75,Layered Perovskite,7.66 μB/mol,10.1016/j.jallcom.2013.02.008,Er2Mn2O7,,,0,O7.0Mn2.0Er2.0,,2.01-7.49 K,-28.76 K,-28.76,,,,,
magnetic,ErMn2O5,,45,Orthorhombic,,10.1016/j.jmmm.2008.11.050,ErMn2O5,,Pbam,0,O5.0Mn2.0Er1,,45 K,,,,,,,
magnetic,Eu2Co12P7,151,,,,reehuis and jeitschko (1989),Eu2Co12P7,,,0,,151,,156,156,"{'a': '9.078', 'b': 'NA', 'c': '3.6265'}",,,,
magnetic,EuCrO4,,15.9,Zircon-type,3.75 μB,10.1016/S0925-8388(00)01079-3,EuCrO4,Tetragonal,I41/amd,0,O4.0Cr1Eu1,,15.9 K,,,"{'a': '7.218', 'c': '6.327'}",,,,
magnetic,Fe2(SO4)3,,30,Monoclinic,,10.1016/j.jct.2004.11.021,Fe2(SO4)3,,,0,O12.0S3.0Fe2.0,,30.0 K,,,"{'a': '0.82966 nm', 'b': '0.85353 nm', 'c': '1.16242 nm'}",,,,
magnetic,Fe2B2O5,,70,Triclinic,5.3 μB,10.1016/j.jssc.2009.05.009,Fe2B2O5,,P 1̄ (No. 2),0,B2.0O5.0Fe2.0,,70 K,36 K,36,"{'a': '3.2388 Å', 'b': '6.1684 Å', 'c': '9.3866 Å'}",,,,
magnetic,Fe2CoSi,1023,,L21,,10.1016/j.tsf.2012.03.045,Fe2CoSi,Cubic,Fm-3m,0,Si1Fe2.0Co1,1023 K,,,,{'a': '5.624 Å'},,,,
magnetic,Fe2CoSi,1018,,Cubic,4.98 μB/f.u.,10.1016/j.jmmm.2022.170090,Fe2CoSi,Heusler,216,0,Si1Fe2.0Co1,1018 K,,,,{'a': '5.635 Å'},43 Oe,4.96 μB/f.u. at 300 K,,
magnetic,Fe2O3,,955.5,Corundum,30 μB,10.1016/S0304-8853(00)01328-7,Fe2O3,,,0,O3.0Fe2.0,,948-963 K,,,,50 Oe at 5 K,,,
magnetic,Fe2O3,,956,Rhombohedral,,10.1016/j.jallcom.2020.154244,Fe2O3,Hexagonal,R-3c,0,O3.0Fe2.0,,956 K,,,"{'a': '5.035 Å', 'b': '5.035 Å', 'c': '13.748 Å'}",,,,
magnetic,Fe2O3,,955,Hexagonal,,10.1016/j.jallcom.2023.172845,Fe2O3,Hexagonal close packed,,0,O3.0Fe2.0,,955 K,,,"{'a': '4.995 Å', 'c': '13.581 Å'}",572 Oe,1.32 emu/g,0.13 emu/g,
magnetic,Fe2O3,,950,Rhombohedral corundum,,10.1016/j.jallcom.2014.06.038,Fe2O3,Hexagonal close packed,R3c,0,O3.0Fe2.0,,950 K,,,,70 Oe at 100 K,,,
magnetic,Fe2O3,,948,Corundum,,10.1016/j.jmmm.2008.06.038,Fe2O3,Hexagonal,,0,O3.0Fe2.0,,948 K,,,,,,,
magnetic,Fe2O3,941.65,,,,10.1016/j.apcata.2005.12.020,Fe2O3,,,0,O3.0Fe2.0,"577 °C, 760 °C",,,,,,,,
magnetic,Fe2P,240,,Hexagonal,"2.23 μB (3g), 0.83 μB (3f)",10.1016/j.jmmm.2021.168179,Fe2P,Hexagonal,P6̅2m (189),0,P1Fe2.0,240 K,,,,"{'a': '5.81 Å', 'c': '3.42 Å'}",,,,
magnetic,Fe2P,216,,Fe2P,,10.1016/j.jmmm.2014.08.088,Fe2P,,,0,P1Fe2.0,216K,,,,,,,,
magnetic,Fe2P,,,Hexagonal,,10.1016/j.jmmm.2019.03.017,Fe2P,Hexagonal,,0,P1Fe2.0,-60 °C,,,,,,,,
magnetic,Fe2P,230,,Hexagonal,,10.1016/j.jmmm.2015.10.028,Fe2P,,P6̅2m,0,P1Fe2.0,230 K,,,,"{'a': '5.852 Å', 'c': '3.453 Å'}",,,,
magnetic,Fe2P,217,,,,10.1016/j.jssc.2022.123546,Fe2P,,,0,P1Fe2.0,217K,,,,,,,,
magnetic,Fe2P,209,,,,10.1016/j.jssc.2008.03.012,Fe2P,,,0,P1Fe2.0,209 K,,400 K,400,,,,,
magnetic,Fe2P,216,,Hexagonal,"2 μB (3g sites), 1 μB (3f sites)",10.1016/j.jallcom.2004.04.042,Fe2P,,P -6 2 m,0,P1Fe2.0,216 K,,,,,,,,
magnetic,Fe2P,217,,Hexagonal,,10.1016/j.jmmm.2007.03.018,Fe2P,,P 6̄ 2 m,0,P1Fe2.0,217K,,,,,,,,
magnetic,Fe2P,216,,Hexagonal,"0.90 μB at MI site, 1.72 μB at MII site at 77K",10.1016/j.jallcom.2006.08.258,Fe2P,,,0,P1Fe2.0,216K,,,,,,,,
magnetic,Fe2P,217 K,,,,fujii et al (1977),Fe2P,,,0,,217 K,,,,"{'a': '5.8675 Å', 'b': 'NA', 'c': '3.4581 Å'}",,2.94 μB/f.u.,,
magnetic,Fe3BO5,,90,Ludwigite,,10.1016/j.jmmm.2021.168056,Fe3BO5,,,0,B1O5.0Fe3.0,,"110 K, 70 K",,,,,,,
magnetic,Fe3BO5,,93,,,10.1016/j.jmmm.2018.05.068,Fe3BO5,,,0,B1O5.0Fe3.0,,"112 K, 74 K",,,,,,,
magnetic,Fe3BO5,93,,Ludwigite,,10.1016/j.jmmm.2021.168747,Fe3BO5,,,0,B1O5.0Fe3.0,"112 K, 74 K",,,,,,,,
magnetic,Fe3BO5,,91,Pbam,,10.1016/j.jssc.2016.11.034,Fe3BO5,,Pbam,0,B1O5.0Fe3.0,,"112 K, 70 K",,,"{'a': '9.4 Å', 'b': '12.3 Å', 'c': '3.1 Å'}",,,,
magnetic,Fe3BO5,70,112,,,10.1016/j.jallcom.2023.173143,Fe3BO5,,,0,B1O5.0Fe3.0,70 K,112 K,,,,,,,
magnetic,Fe3N,400,,hcp,,10.1016/j.jmmm.2018.05.017,Fe3N,slightly distorted hcp,,0,N1Fe3.0,400 K,,,,,< 500 Oe,1146 emu/cc,,
magnetic,Fe3N,575,,Hexagonal,1.8 μB per Fe atom,10.1016/j.jcrysgro.2006.11.041,Fe3N,c-axis-oriented,,0,N1Fe3.0,575 K,,,,"{'a': '0.470 nm', 'c': '0.438 nm'}",350 Oe,,,
magnetic,Fe3N,575,,Hexagonal,,10.1016/j.jcrysgro.2018.10.044,Fe3N,Hexagonal-close-packed,,0,N1Fe3.0,575 K,,,,"{'a': '0.4697 nm', 'c': '0.4377 nm'}",11.5 Oe,,,
magnetic,Fe3P,716.15,,Tetragonal,,10.1016/j.jmmm.2019.03.017,Fe3P,Tetragonal,,0,P1Fe3.0,443 °C,,,,,,142 emu/g,,
magnetic,Fe3P,700,,,155-162 emu/g,10.1016/j.jssc.2022.123546,Fe3P,,,0,P1Fe3.0,700K,,,,,,,,
magnetic,Fe3P,692,,,,10.1016/j.jssc.2008.03.012,Fe3P,,,0,P1Fe3.0,692 K,,,,,,,,
magnetic,Fe3P,700,,,,10.1016/j.jmmm.2003.12.086,Fe3P,,,0,P1Fe3.0,700 K,,,,,,,,
magnetic,Fe3P,692,,Tetragonal,1.89 μB/metal atom,10.1016/S0304-8853(02)00414-6,Fe3P,,,0,P1Fe3.0,692 K,,,,,,,,
magnetic,Fe3P,716.15,,,,10.1016/j.jmmm.2018.10.034,Fe3P,,,0,P1Fe3.0,443 °C,,,,,,,,
magnetic,Fe3Si,803.15,,Cubic L21,"0.9 μB/atom at RT, 1.0 μB/atom at 10 K",10.1016/j.jmmm.2004.09.042,Fe3Si,Cubic,,0,Si1Fe3.0,530 °C,,,,{'a': '5.642 Å'},,"741 emu/cm3 at RT, 823 emu/cm3 at 10 K",,
magnetic,Fe3Si,70,,Body Centered Cubic (BCC),"1.9 μB at 5 K, 0.4 μB at 300 K",10.1016/S0304-8853(01)00128-7,Fe3Si,Tetragonal Distortion,,0,Si1Fe3.0,70 K,,,,,,,Strong out-of-plane remanent magnetization,
magnetic,Fe3Si,800.15,,DO3-type,,10.1016/j.jmmm.2017.06.010,Fe3Si,fcc,F m -3 m,0,Si1Fe3.0,527 °C,,,,,,,,
magnetic,Fe3Si,813.15,,DO3-type superstructure,,10.1016/j.jallcom.2019.05.156,Fe3Si,Body-centered cubic (bcc),,0,Si1Fe3.0,540 °C,,,,,,,,
magnetic,Fe3Si,843.15,,,,10.1016/j.tsf.2011.05.026,Fe3Si,,,0,Si1Fe3.0,570 °C,,,,,,,,
magnetic,Fe3Si,857.15,,DO3,,10.1016/j.jallcom.2010.12.007,Fe3Si,,,0,Si1Fe3.0,584 °C,,,,,,,,
magnetic,Fe3Si,802,,Nanocrystalline,,10.1016/j.jallcom.2006.08.011,Fe3Si,,,0,Si1Fe3.0,802 K,,,,,,,,
magnetic,Fe3Si,837,,Cubic,,10.1016/j.physb.2008.02.032,Fe3Si,Cubic,Fm-3m,0,Si1Fe3.0,837 K,,,,,,,,
magnetic,Fe3Si,840,,,,10.1016/j.tsf.2017.09.025,Fe3Si,,,0,Si1Fe3.0,840,,,,{'a': '0.564'},,,,
magnetic,Fe3Si,830,,DO3,5 μB,10.1016/S0921-4526(98)00443-8,Fe3Si,Cubic,,0,Si1Fe3.0,830 K,,,,,,,,
magnetic,Fe5B2P,655,,Tetragonal,1.72 μB/Fe at 2K,10.1016/j.jmmm.2015.10.088,Fe5B2P,,I 4/ mcm,0,B2.0P1Fe5.0,655±2K,,,,"{'a': '5.485(3) Å', 'b': '5.485(3) Å', 'c': '10.348(6) Å'}",,,,
magnetic,Fe5B2P,627,,Tetragonal,1.73 μB/Fe,10.1016/j.jmmm.2015.10.088,Fe5B2P,,I 4/ mcm,0,B2.0P1Fe5.0,615-639K,,,,,,,,
magnetic,FeAs,,77,Orthorhombic,,10.1016/j.tsf.2007.11.021,FeAs,MnP (B31) type,,0,Fe1As1,,77 K,,,"{'a': '5.44 Å', 'b': '6.03 Å', 'c': '3.37 Å'}",,,,3.8 × 10^−5
magnetic,FeAs,,77,,,10.1016/j.jmmm.2011.12.017,FeAs,,,0,Fe1As1,,77 K,,,,,,,
magnetic,FeAs,,77 K,MnP,,Handbook of Magnetic Materials,FeAs,Orthorhombic,,0,,,77 K,,,"{'a': '5.442', 'b': '3.373', 'c': '6.028'}",,0.5 μB,,
magnetic,FeBO3,,348,,,10.1016/j.jmmm.2011.01.020,FeBO3,,,0,B1O3.0Fe1,,348 K,,,,,,,
magnetic,FeBO3,,348,Rhombohedral,,10.1016/j.jallcom.2021.161702,FeBO3,Hexagonal,R-3c,0,B1O3.0Fe1,,348 K,,,,,,,
magnetic,FeBO3,,348,Rhombohedral,,10.1016/S0304-8853(02)01137-X,FeBO3,Hexagonal,R3c,0,B1O3.0Fe1,,348 K,,,,,,,
magnetic,FeBO3,,348,Rhombohedral Calcite,0.078 μB per Fe3+ ion,10.1016/j.physb.2004.10.027,FeBO3,,,0,B1O3.0Fe1,,348 K,,,,,,,
magnetic,FeCl3,,9 K,Hexagonal,4.3 μB,10.1016/j.jmmm.2014.01.051,FeCl3,Layered,R-3,0,,,9 K,,,,,0.9 μB/f.u. at 7 T,,
magnetic,FeCo,1190,,Cubic,,10.1016/j.actamat.2010.07.047,FeCo,Pm3m,Pm3m,0,Fe1Co1,1190 K,,,,{'a': '2.850 Å'},,,,
magnetic,FeCo,1193.15,,,,10.1016/j.matchar.2014.05.018,FeCo,,,0,Fe1Co1,920 °C,,,,,,High saturation induction (Bs ≈ 2.45 T),,
magnetic,FeCoP,430 K,,O,,Handbook of Magnetic Materials,FeCoP,orthorhombic,,0,,430 K,,,,"{'a': '5.749', 'b': '3.534', 'c': '6.597'}",,1.85 μB,,
magnetic,FeF3,,363,Rhombohedral,,10.1016/S0304-8853(01)00188-3,FeF3,,,0,F3.0Fe1,,363 K,,,,,,,
magnetic,FeNi,790,,Body-Centered Tetragonal (BCT),,10.1016/j.jmmm.2022.169501,FeNi,BCT,,0,Fe1Ni1,790 K,,,,,75 Oe at 10 K,2 emu/cm^3 at 10 K,1.5 emu/cm^3 at 10 K,
magnetic,FeNi,830,,Tetragonal,3.272 μB,10.1016/j.jallcom.2020.155325,FeNi,L10,P4/mmm,0,Fe1Ni1,830 K,,,,"{'a': '2.531 Å', 'c': '3.579 Å'}",0.52 MA/m,1.66 T,,
magnetic,FeNi3,865.65,,L12,,10.1016/j.jallcom.2016.08.036,FeNi3,fcc,,0,Fe1Ni3.0,588-597 °C,,,,,,,,
magnetic,FeNi3,823.15,,,,10.1016/j.jmmm.2007.03.111,FeNi3,,,0,Fe1Ni3.0,550°C,,,,"{'a': '0.3548 nm', 'b': '0.3548 nm', 'c': '0.3548 nm'}",1600 A/m,,,
magnetic,FeNi3,923.15,,,,10.1016/j.jmmm.2007.03.111,FeNi3,,,0,Fe1Ni3.0,650°C,,,,"{'a': '0.3548 nm', 'b': '0.3548 nm', 'c': '0.3548 nm'}",1800 A/m,,,
magnetic,FeNi3,910,,Cubic,,10.1016/j.jmmm.2017.01.095,FeNi3,,Pm-3m,0,Fe1Ni3.0,910 K,,,,,199 Oe,11.58 emu/g,1.25 emu/g,
magnetic,FeNi3,910,,Cubic,,10.1016/j.jmmm.2017.01.095,FeNi3,,Pm-3m,0,Fe1Ni3.0,910 K,,,,,145 Oe,15.21 emu/g,1.63 emu/g,
magnetic,FeNi3,910,,Cubic,,10.1016/j.jmmm.2017.01.095,FeNi3,,Pm-3m,0,Fe1Ni3.0,910 K,,,,,121 Oe,24.3 emu/g,3.3 emu/g,
magnetic,FePd3,559.71 K,,Cubic,4.30 μB/f.u.,10.1016/j.jmmm.2021.167766,FePd3,L12,,0,,559.71 K,,,,"{'a': '3.888 Å', 'b': '3.888 Å', 'c': '3.888 Å'}",,,,
magnetic,FePt,600,,,,10.1016/j.jmmm.2010.11.082,FePt,,,0,Fe1Pt1,600 K,,,,,,1.03 T,,
magnetic,FePt,720,,,3.23 μB,10.1016/j.jmmm.2022.170041,FePt,,,0,Fe1Pt1,720 K,,,,"{'a': '2.73 Å', 'c': '3.85 Å'}",,1043 emu/cm^3,,
magnetic,FePt,770,,L10,,10.1016/j.jmmm.2008.08.085,FePt,,,0,Fe1Pt1,770 K,,,,,,1100 emu/cm^3,,
magnetic,FePt,805,,Body-Centered Tetragonal (BCT),,10.1016/j.jmmm.2022.169501,FePt,BCT,,0,Fe1Pt1,805 K,,,,,,,,
magnetic,FePt,850,,L10 (tetragonal),,10.1016/j.jallcom.2017.12.202,FePt,,,0,Fe1Pt1,800-900 K,,,,,,,,
magnetic,FePt3,360,,L12,4.730 μB/f.u.,10.1016/j.physb.2022.414615,FePt3,Cubic,Pm-3m,0,Fe1Pt3.0,360 K,,,,"{'a': '3.907 Å', 'b': '3.907 Å', 'c': '3.907 Å'}",,,,
magnetic,FePt3,400,130,L12,3.3 μB,10.1016/S0304-8853(03)00219-1,FePt3,Face Centered Cubic,,0,Fe1Pt3.0,400 K,"160 K, 100 K",,,{'a': '3.883 Å'},"40 Oe at 300 K, 185 Oe at 40 K",520 emu/cm³,,
magnetic,FeRh,,350,B2,,10.1016/j.jmmm.2019.165804,FeRh,Cubic,,0,Fe1Rh1,,350 K,,,{'a': '3 Å'},,,,
magnetic,FeRh,,350,B2,,10.1016/j.jmmm.2019.166258,FeRh,,,0,Fe1Rh1,,350 K,,,,1000 Oe,,,
magnetic,FeRh,350,,B2 CsCl-type,"3.2 μB/at (Fe), 1.0 μB/at (Rh)",10.1016/j.jmmm.2020.166488,FeRh,Cubic,,0,Fe1Rh1,350 K,,,,"{'a': '0.299 nm', 'b': '0.299 nm', 'c': '0.299 nm'}",,,,
magnetic,FeRh,,370,B2,"3.2 μB (Fe), 1 μB (Rh)",10.1016/j.jmmm.2019.01.017,FeRh,Tetragonal,,0,Fe1Rh1,,370 K,,,"{'a': '4.212 Å', 'b': '4.212 Å'}",,,,
magnetic,FeRh,580,,CsCl-ordered intermetallic,"3.2 μB (Fe, FM state), 0.9 μB (Rh, FM state), 3.1 μB (Fe, AF state), 0 μB (Rh, AF state)",10.1016/j.jallcom.2022.165566,FeRh,Cubic,,0,Fe1Rh1,580 K,,,,"{'a': '2.998 Å', 'b': '2.998 Å', 'c': '2.998 Å'}","56 Oe (FM state), 203 Oe (nominal AF state)","331 emu/cc (nominal AF state), 1355 emu/cc (FM state)",,
magnetic,Gd2FeSbO7,5,,Pyrochlore,8.68 μB/ion,10.1016/j.jmmm.2019.166381,Gd2FeSbO7,Cubic,Fd-3m,0,O7.0Fe1Sb1Gd2.0,5 K,,-12.62 K,-12.62,{'a': '10.31 Å'},0.016 T,6.61 μB/GdFe0.5,0.04 μB/f.u.,
magnetic,Gd3Ni7B2,37 K,,Ce3Co7B2,,felner (1983),Gd3Ni7B2,,,0,,37 K,,,,"{'a': 'NA', 'b': 'NA', 'c': 'NA'}",,,,
magnetic,GdCo5,953 K,,CaCu5,,Handbook of Magnetic Materials,GdCo5,,P6/mmm,0,,953 K,,,,"{'a': 'NA', 'b': 'NA', 'c': 'NA'}",1.74,1.7,,
magnetic,GdCo5,953 K,,CaCu5,,Handbook of Magnetic Materials,GdCo5,,P6/mmm,0,,953 K,,,,"{'a': 'NA', 'b': 'NA', 'c': 'NA'}",1.74 μB/Co,1.70 μB/f.u.,,
magnetic,GdCo5,1014 K,,,,smit et al. (1988),GdCo5,,,0,,1014 K,,,,"{'a': '4.973 Å', 'b': 'NA', 'c': '3.969 Å'}",,1.37 μB/f.u.,,
magnetic,GdCo5,1014 K,,CaCu5,,dirken et al. (1989b),GdCo5,,,0,,1014 K,,,,"{'a': 'NA', 'b': 'NA', 'c': 'NA'}",,,,
magnetic,GdCo5,1020 K,,,,magnetic and magnetoelastic data for rco5 compounds with magnetic r,GdCo5,,,0,,1020 K,,,,"{'a': 'NA', 'b': 'NA', 'c': 'NA'}",,,,
magnetic,GdCo5,1020 K,,,,magnetic and magnetoelastic data for rco5 compounds,GdCo5,,,0,,1020 K,,,,"{'a': 'NA', 'b': 'NA', 'c': 'NA'}",,,,
magnetic,GdCo5,1020 K,,,,"zadvorkin (1987), andreev (1990), andreev and zadvorkin (1991), yermolenko (1983)",GdCo5,,,0,,1020 K,,,,"{'a': 'NA', 'b': 'NA', 'c': 'NA'}",,,,
magnetic,GdCrO3,,174,Orthorhombic,7.37 μB,10.1016/j.jmmm.2018.04.052,GdCrO3,Pbnm,Pbnm,0,O3.0Cr1Gd1,,174 K,-33 K,-33,"{'a': '5.3129 Å', 'b': '5.5210 Å', 'c': '7.6040 Å'}",,,,
magnetic,GdCrO3,,171,Orthorhombic Perovskite,8.76 μB,10.1016/j.jallcom.2024.174093,GdCrO3,Orthorhombic,Pbnm,0,O3.0Cr1Gd1,,171 K,-32 K,-32,"{'a': '5.3044 Å', 'b': '5.5137 Å', 'c': '7.5920 Å'}",,,,
magnetic,GdCrO3,,174,Orthorhombic,,10.1016/j.jmmm.2017.01.042,GdCrO3,Pbnm,Pbnm,0,O3.0Cr1Gd1,,174K,-7K,-7,"{'a': '5.3127 Å', 'b': '5.5227 Å', 'c': '7.6045 Å'}",,,,
magnetic,GdCrO3,,170,,400 emu/mol,10.1016/j.solidstatesciences.2010.06.007,GdCrO3,,,0,O3.0Cr1Gd1,,170 K,,,,,,,
magnetic,GdCrO3,,171,Orthorhombic,110 emu/mol,10.1016/j.ceramint.2020.12.208,GdCrO3,Pbnm,Pbnm,0,O3.0Cr1Gd1,,171 K,-25 K,-25,"{'a': '5.31431 Å', 'b': '5.52109 Å', 'c': '7.60452 Å'}",,,,
magnetic,GdCrO3,,168,Orthorhombic,8.42 μB,10.1016/j.jmmm.2022.169807,GdCrO3,Perovskite,Pbnm,0,O3.0Cr1Gd1,,168 K,19.59 K,19.59,"{'a': '5.544 Å', 'b': '7.610 Å', 'c': '5.318 Å'}",483 Oe,,,
magnetic,GdCrO4,,20,Tetragonal,"6.6μB (Gd3+), 0.7μB (Cr5+)",10.1016/j.jssc.2012.04.044,GdCrO4,Scheelite-type,I41/a,0,O4.0Cr1Gd1,,20K,12.69K,12.69,"{'a': '5.0501Å', 'c': '11.4533Å'}",,,,
magnetic,GdCrO4,25,,Zircon-type,,10.1016/S0925-8388(01)00978-1,GdCrO4,,,0,O4.0Cr1Gd1,Below 25 K,,,,,,,,
magnetic,GdCrO4,,4.6,,,10.1016/j.jallcom.2021.161847,GdCrO4,,,0,O4.0Cr1Gd1,,4.6 K,,,,,,,
magnetic,GdCrO4,21.3,,Zircon,,10.1016/j.jssc.2022.123356,GdCrO4,,,0,O4.0Cr1Gd1,21.3 K,,,,,,,,
magnetic,GdCrO4,21,,Tetragonal,9.16 μB,10.1016/j.jmmm.2022.169807,GdCrO4,Zircon-type,I41/amd,0,O4.0Cr1Gd1,21 K,,-42.57 K,-42.57,"{'a': '7.207 Å', 'b': '7.207 Å', 'c': '6.323 Å'}",137 Oe,11.5 emu/g,,
magnetic,GdMnO3,,42,,,10.1016/j.jmmm.2022.169133,GdMnO3,,,0,O3.0Mn1Gd1,,42 K,,,,,,,
magnetic,GdMnO3,,26.3333333333333,Orthorhombic,9.33 μB,10.1016/j.jmmm.2022.169256,GdMnO3,Pbnm,Pbnm,0,O3.0Mn1Gd1,,"43 K, 30 K, 6 K",-37.56 K,-37.56,"{'a': '5.312377 Å', 'b': '5.843079 Å', 'c': '7.436901 Å'}",1173.90 Oe,28.54 emu/g,9.92 emu/g,
magnetic,GdMnO3,,43,Orthorhombic,,10.1016/j.jmmm.2013.03.015,GdMnO3,Perovskite,Pbnm,0,O3.0Mn1Gd1,,43 K,,,"{'a': '5.239 Å', 'c': '7.526 Å'}",,,,
magnetic,GdMnO3,,5.1,Orthorhombic,,10.1016/j.jmmm.2013.03.015,GdMnO3,Perovskite,Pbnm,0,O3.0Mn1Gd1,,5.1 K,,,"{'a': '5.239 Å', 'c': '7.526 Å'}",,,,
magnetic,GdMnO3,,44,Orthorhombic,,10.1016/j.jmmm.2016.10.065,GdMnO3,Perovskite,Pbnm,0,O3.0Mn1Gd1,,44 K,-1.77 K,-1.77,"{'a': '5.3 Å', 'b': '5.7 Å', 'c': '7.4 Å'}",465.6 Oe,79.5 emu/g,,
magnetic,GdMnO3,,38,Orthorhombic,9.05 μB,10.1016/j.jmmm.2020.167009,GdMnO3,Pbnm,Pbnm,0,O3.0Mn1Gd1,,38 K,-31.0 K,-31,,,23 emu/g at 2 K,,
magnetic,GdMnO3,4,,,,10.1016/j.jallcom.2020.156221,GdMnO3,,,0,O3.0Mn1Gd1,4 K (Gd),,,,,,,,
magnetic,GdMnO3,,45,Orthorhombic,9.12 μB,10.1016/j.jcrysgro.2007.03.052,GdMnO3,Pbnm,Pbnm,0,O3.0Mn1Gd1,,45 K,-35.5 K,-35.5,"{'a': '5.3160(1) Å', 'b': '5.8683(1) Å', 'c': '7.4252(1) Å'}",,,,
magnetic,GdMnO3,,42,Orthorhombic,9.20 μB,10.1016/j.ssc.2015.02.013,GdMnO3,Pnma,Pnma,0,O3.0Mn1Gd1,,42 K,-38 K,-38,"{'a': '5.276 Å', 'b': '5.847 Å', 'c': '7.435 Å'}",,,,
magnetic,GdMnO3,,42,Orthorhombic,9.99 μB,10.1016/j.jallcom.2023.170155,GdMnO3,Pbnm (O'-type),Pbnm,0,O3.0Mn1Gd1,,42 K,-52 K,-52,"{'a': '5.3381 Å', 'b': '5.7913 Å', 'c': '7.4673 Å'}",710 Oe,3.68 emu/g,,
magnetic,GdMnO3,,40,Orthorhombic,,10.1016/j.ceramint.2021.02.072,GdMnO3,Perovskite,Pbnm,0,O3.0Mn1Gd1,,40 K,,,,,,9.1 emu/g,
magnetic,GdMnO3,,80,Orthorhombic,,10.1016/j.jmmm.2022.169277,GdMnO3,,,0,O3.0Mn1Gd1,,80 K,,,,,,,
magnetic,GdNi3,116,,Rhombohedral,6.55 μB,10.1016/S0925-8388(01)01730-3,GdNi3,Be3Nb structure type,R3m,0,Ni3.0Gd1,116 K,,,,"{'a': '4.99 Å', 'c': '24.54 Å'}",,,,
magnetic,GdNi3,114,,Rhombohedral,6.55 μB,10.1016/j.jallcom.2005.12.032,GdNi3,PuNi3-type,R-3m,0,Ni3.0Gd1,114 K,,,,"{'a': '4.9805 Å', 'c': '24.4897 Å'}",,,,
magnetic,GdNi3,116,,,6.55 μB/f.u,10.1016/j.intermet.2013.07.020,GdNi3,,,0,Ni3.0Gd1,116 K,,,,,,,,
magnetic,GdNi3,115,,Rhombohedral,8.00 μB/f.u,10.1016/j.intermet.2013.12.002,GdNi3,PuNi3,R-3m,0,Ni3.0Gd1,115 K,,83.5 K,83.5,"{'a': '4.9900 Å', 'c': '24.5230 Å'}",,,,
magnetic,GdNi3,115,,PuNi3,8.00 μB/f.u,10.1016/j.jmmm.2012.07.036,GdNi3,Hexagonal,R-3m,0,Ni3.0Gd1,115 K,,83.5 K,83.5,"{'a': '4.9900 Å', 'c': '24.5234 Å'}",,6.62 μB/f.u at 7 T,,
magnetic,GdNi3,116,,,,10.1016/j.matchar.2015.01.011,GdNi3,,,0,Ni3.0Gd1,116±1K,,,,,,,,
magnetic,GdNi3,115,,Rhombohedral,6.93 μB/f.u.,10.1016/j.jallcom.2010.01.027,GdNi3,Hexagonal,,0,Ni3.0Gd1,115 K,,83.5 K,83.5,,,,,
magnetic,HoMn2O5,,45,Orthorhombic,,10.1016/j.jmmm.2008.11.050,HoMn2O5,,Pbam,0,O5.0Mn2.0Ho1,,45 K,,,,,,,
magnetic,HoMn2O5,,10,,,10.1016/j.jssc.2023.124347,HoMn2O5,,,0,O5.0Mn2.0Ho1,,10 K,,,,,,,
magnetic,HoMn2O5,,43,Orthorhombic,,10.1016/j.matchemphys.2016.12.044,HoMn2O5,,,0,O5.0Mn2.0Ho1,,43 K,-30.7 K,-30.7,,,38.7 emu/g,,
magnetic,HoMnO3,,40,Orthorhombic,,10.1016/j.jmmm.2011.01.026,HoMnO3,Distorted Perovskite,Pnma,0,O3.0Mn1Ho1,,40 K,,,"{'a': '5.8354 Å', 'b': '7.3606 Å', 'c': '5.2572 Å'}",,,,
magnetic,HoMnO3,,50,Hexagonal,9.5 μB/Ho ion,10.1016/j.jmmm.2009.02.007,HoMnO3,Hexagonal,,0,O3.0Mn1Ho1,,50 K,,,"{'a': '3.593 Å', 'c': '11.6 Å'}",,,0,
magnetic,HoMnO3,,5.5,,,10.1016/j.jallcom.2010.12.047,HoMnO3,,,0,O3.0Mn1Ho1,,5.5 K,,,,,,,
magnetic,HoMnO3,4.6,,,,10.1016/j.jallcom.2016.04.154,HoMnO3,,,0,O3.0Mn1Ho1,4.6 K,,,,,,,,
magnetic,HoMnO3,,40,Orthorhombic,11.52 μB,10.1016/j.jcrysgro.2007.03.052,HoMnO3,Pbnm,Pbnm,0,O3.0Mn1Ho1,,40 K,-22.6 K,-22.6,"{'a': '5.26011(6) Å', 'b': '5.84144(8) Å', 'c': '7.3583(1) Å'}",,,,
magnetic,HoMnO3,,43,Orthorhombic,,10.1016/j.tsf.2010.07.046,HoMnO3,Perovskite-type,Pbnm,0,O3.0Mn1Ho1,,43 K,,,"{'a': '5.27 Å', 'b': '5.84 Å', 'c': '7.36 Å'}",,,,
magnetic,HoMnO3,,80,Hexagonal,10.93 μB,10.1016/j.ceramint.2014.02.045,HoMnO3,,P63cm,0,O3.0Mn1Ho1,,80 K,-26 K,-26,"{'a': '6.143 Å', 'b': '6.143 Å', 'c': '11.409 Å'}",,,,
magnetic,HoMnO3,,12,,,10.1016/j.ceramint.2019.06.293,HoMnO3,,,0,O3.0Mn1Ho1,,12 K,,,,,,,
magnetic,HoMnO3,,40,Hexagonal,,10.1016/j.crhy.2015.01.012,HoMnO3,,,0,O3.0Mn1Ho1,,40 K,,,,,,,
magnetic,HoMnO3,,27,Orthorhombic,7.27 μB,10.1016/j.physb.2023.414821,HoMnO3,Pbnm,Pbnm,0,O3.0Mn1Ho1,,27 K,,,,,,,
magnetic,KCr5S8,,55,Monoclinic,4.1,10.1016/j.jssc.2010.03.013,KCr5S8,Triangular lattices and double chains,C2/m,0,S8.0K1Cr5.0,,55,-564,-564,,,,,Curie-Weiss type
magnetic,KFeO2,,610.15,Orthorhombic,,10.1016/j.jmst.2013.10.008,KFeO2,,Pbca,0,O2.0K1Fe1,,337 °C,,,"{'a': '0.5613 nm', 'b': '1.121 nm', 'c': '1.526 nm'}",,25.72 emu/g,,
magnetic,LaFeO3,,750,,,10.1016/j.jmmm.2019.02.060,LaFeO3,,,0,O3.0Fe1La1,,750 K,,,,,,,
magnetic,LaFeO3,,740,,,10.1016/j.jmmm.2018.09.093,LaFeO3,,,0,O3.0Fe1La1,,740 K,,,,,,,
magnetic,LaFeO3,,740,Orthorhombic,,10.1016/j.jmmm.2018.08.038,LaFeO3,Pbnm,Pbnm,0,O3.0Fe1La1,,740 K,,,,,,,
magnetic,LaFeO3,,738,Orthorhombic,,10.1016/j.jmmm.2017.03.066,LaFeO3,,Pbnm,0,O3.0Fe1La1,,738 K,,,"{'a': '5.5506 Å', 'b': '5.5785 Å', 'c': '7.8473 Å'}",,,,
magnetic,LaFeO3,,740,Orthorhombic,,10.1016/j.jmmm.2018.07.040,LaFeO3,,Pbnm,0,O3.0Fe1La1,,740 K,,,"{'a': '5.5 Å', 'b': '5.5 Å', 'c': '7.8 Å'}",,,,
magnetic,LaFeO3,,740,Orthorhombic,,10.1016/j.jssc.2008.03.041,LaFeO3,Perovskite,Pbnm,0,O3.0Fe1La1,,740K,,,,,,,
magnetic,LaFeO3,,740,Orthorhombic,,10.1016/j.solidstatesciences.2014.08.006,LaFeO3,Pbnm,Pbnm,0,O3.0Fe1La1,,740 K,,,,137 Oe,0.3 × 10^-4 emu/g/Oe,,
magnetic,LaFeO3,,750,,,10.1016/j.materresbull.2005.07.007,LaFeO3,,,0,O3.0Fe1La1,,750 K,,,,,,,
magnetic,LaFeO3,,,Perovskite,,10.1016/j.tsf.2004.10.056,LaFeO3,Orthorhombic,Pbnm,0,O3.0Fe1La1,,"645 K (as-grown), 610 K (fully relaxed), 740 K (bulk)",,,,,,,
magnetic,LaFeO3,,700,Orthorhombic,,10.1016/S0254-0584(01)00273-5,LaFeO3,Pnma,Pnma,0,O3.0Fe1La1,,700 K,,,"{'a': '5.554', 'b': '7.863', 'c': '5.560'}",,,,
magnetic,LaFeO3,,760,Orthorhombic,,10.1016/j.jallcom.2007.03.129,LaFeO3,Pnma,Pnma (No. 62),0,O3.0Fe1La1,,760 K,,,,,,,
magnetic,LaFeO3,,760,Orthorhombic,,10.1016/j.jssc.2017.06.031,LaFeO3,Pnma,Pnma,0,O3.0Fe1La1,,760 K,,,,,,~0.02 μB/f.u. (10 K),
magnetic,LaFeO3,,740,Orthorhombic,,10.1016/j.ceramint.2017.09.150,LaFeO3,Pnma,Pnma,0,O3.0Fe1La1,,740 K,,,"{'a': '5.55926 Å', 'b': '5.5783 Å', 'c': '7.89057 Å'}",,,,
magnetic,LaFeO3,,750,Orthorhombic,,10.1016/j.physb.2022.414190,LaFeO3,Pnma,Pbnm,0,O3.0Fe1La1,,750 K,,,"{'a': '5.493 Å', 'b': '5.542 Å', 'c': '7.840 Å'}",,0.194 Am^2/kg,,9.641 × 10^-8 m^3/kg
magnetic,LaFeO3,,765,Orthorhombic,,10.1016/j.jallcom.2015.07.215,LaFeO3,Perovskite,Pbnm,0,O3.0Fe1La1,,765 K,,,"{'a': '5.542(2) Å', 'b': '5.5596(2) Å', 'c': '7.8561(9) Å'}",,,,
magnetic,LaFeO3,,1013.15,Orthorhombic,,10.1016/j.materresbull.2015.02.038,LaFeO3,Orthorhombic,Pnma,0,O3.0Fe1La1,,740 °C,,,"{'a': '5.557 Å', 'b': '5.565 Å', 'c': '7.854 Å'}",503.76 G,2.11 emu/g,0.47 emu/g,
magnetic,LaFeO3,,750,Orthorhombic,,10.1016/j.jallcom.2015.05.213,LaFeO3,Distorted Perovskite,Pbnm,0,O3.0Fe1La1,,750 K,,,,1060.5 Oe,,,
magnetic,LaFeO3,,713.15,Orthorhombic,,10.1016/j.ceramint.2015.09.077,LaFeO3,Perovskite,,0,O3.0Fe1La1,,440°C,,,,,,,
magnetic,LaFeO3,,722.15,Orthorhombic,,10.1016/j.matchemphys.2011.09.014,LaFeO3,Quasi-tetragonal,,0,O3.0Fe1La1,,449 °C,,,"{'a': '5.5530 Å', 'b': '5.5630 Å', 'c': '7.8670 Å'}",,0.14 emu/g,,
magnetic,LaFeO3,,740,Orthorhombic,,10.1016/j.ceramint.2018.12.105,LaFeO3,,Pbnm,0,O3.0Fe1La1,,740 K,,,,,,,
magnetic,LaFeO3,,750,,,10.1016/j.jssc.2005.09.020,LaFeO3,,,0,O3.0Fe1La1,,750 K,,,,,,,
magnetic,Li2MnO3,,40,Monoclinic,3.02 μB,10.1016/j.electacta.2014.01.051,Li2MnO3,Trigonal,C2/m,0,Li2.0O3.0Mn1,,40 K,-22 K,-22,"{'a': '494.453 pm', 'b': '851.68 pm', 'c': '500.02 pm'}",,,,
magnetic,Li2MnO3,,50,Monoclinic,,10.1016/j.mseb.2016.04.012,Li2MnO3,C2/m,C2/m,0,Li2.0O3.0Mn1,,50 K,,,"{'a': '4.942 Å', 'b': '8.547 Å', 'c': '5.040 Å'}",,,,
magnetic,Li2MnO3,,48,Monoclinic,3.79 μB,10.1016/S0921-4526(01)01038-9,Li2MnO3,,C2/c,0,Li2.0O3.0Mn1,,48 K,-44 K,-44,"{'a': '4.928 Å', 'b': '8.533 Å', 'c': '9.604 Å'}",,,,
magnetic,Li3Ni2RuO6,100,,Monoclinic,5.57 μB,10.1016/j.jssc.2013.03.054,Li3Ni2RuO6,C2/c,C2/c,0,Li3.0O6.0Ni2.0Ru1,100 K,,,,,1000 Oe,,,
magnetic,LiFeO2,,21,Trigonal,,10.1016/j.jallcom.2018.02.278,LiFeO2,,R3̄m,0,Li1O2.0Fe1,,21 K,,,"{'a': '2.82 Å', 'c': '4.96 Å'}",,,,
magnetic,LiFeO2,,20,α-NaFeO2,,10.1016/S0304-8853(00)00728-9,LiFeO2,,,0,Li1O2.0Fe1,,20K,,,"{'a': '0.29497 nm', 'c': '1.45327 nm'}",,,,
magnetic,LiFeO2,,20,R-3m,3.9 μB/Fe,10.1016/S0304-8853(01)01034-4,LiFeO2,Rhombohedral,R-3m,0,Li1O2.0Fe1,,20 K,Positive,,,,,,
magnetic,LiMn2O4,80,,Orthorhombic,1.0 μB/f.u.,10.1016/j.physb.2017.11.078,LiMn2O4,,Fddd,0,Li1O4.0Mn2.0,80 K,,,,"{'a': '24.663', 'b': '24.891', 'c': '8.271'}",,,,
magnetic,LiMn2O4,45,,Spinel,4.4 μB,10.1016/j.physb.2010.08.050,LiMn2O4,Cubic,Fd-3m,0,Li1O4.0Mn2.0,45 K,,-300 K,-300,{'a': '8.2495 Å'},,,,
magnetic,LiMnVO4,,40,Orthorhombic,4.28 μB,10.1016/j.jssc.2020.121612,LiMnVO4,Cmcm,Cmcm,0,Li1O4.0V1Mn1,,40 K,-75 K,-75,,,,,
magnetic,LuMnO3,,90,Hexagonal,3.22 μB,10.1016/j.jmmm.2003.12.746,LuMnO3,,P63cm,0,O3.0Mn1Lu1,,90 K,,,"{'a': '6.087 Å', 'b': '6.087 Å', 'c': '11.384 Å'}",,,,
magnetic,LuMnO3,80,82.75,Orthorhombic,,10.1016/j.tsf.2022.139186,LuMnO3,Pnma,Pnma,0,O3.0Mn1Lu1,80 K,"51 K (263 nm), 49 K (117 nm), 45 K (70 nm), 37 K (30 nm)","-917 K (263 nm), -675 K (117 nm), -510 K (70 nm)",-425.333333333333,"{'a': '5.1727 Å', 'b': '5.7944 Å', 'c': '7.2553 Å'}",1.12 × 10^3 A/m (263 nm) to 2.0 × 10^3 A/m (30 nm),,"1.85 × 10^3 A/m (263 nm), 3.91 × 10^3 A/m (117 nm), 8.43 × 10^3 A/m (70 nm), 2.98 × 10^4 A/m (30 nm)",
magnetic,LuMnO3,,90,Hexagonal,,10.1016/j.jallcom.2014.07.162,LuMnO3,,P63cm,0,O3.0Mn1Lu1,,90 K,,,"{'a': '6.0321 Å', 'c': '11.3577 Å'}",,,,
magnetic,LuMnO3,,40,Orthorhombic,,10.1016/j.crhy.2015.01.012,LuMnO3,,,0,O3.0Mn1Lu1,,40 K,,,,,,,
magnetic,MgMn2O4,1200 K,,Spinel,,Handbook of Magnetic Materials,MgMn2O4,0.78 < δ < 0.79,,0,,1200 K,,,,"{'a': 'NA', 'b': 'NA', 'c': '1.15'}",,,,
magnetic,Mn2BO4,,23,,,10.1016/j.jmmm.2021.168056,Mn2BO4,,,0,B1O4.0Mn2.0,,23 K,,,,,,,
magnetic,Mn2BO4,,26,Monoclinic,7.68 μB/f.u.,10.1016/j.jmmm.2020.166820,Mn2BO4,,P21/n,0,B1O4.0Mn2.0,,26 K,,,,,,,
magnetic,Mn2BO4,,26,Monoclinic,,10.1016/j.jcrysgro.2017.06.026,Mn2BO4,Warwickite,P21/n,0,B1O4.0Mn2.0,,26 K,,,,,,,
magnetic,Mn2BO4,,26,Monoclinic,,10.1016/j.physb.2019.02.019,Mn2BO4,P21/n,P21/n,0,B1O4.0Mn2.0,,26 K,,,,,,,
magnetic,Mn2BO4,,26,Monoclinic,"{'Parallel': '6.25 μB', 'Perpendicular': '6.95 μB'}",10.1016/j.jmmm.2015.05.081,Mn2BO4,,P 21/n,0,B1O4.0Mn2.0,,26 K,"{'Parallel': '-118 K', 'Perpendicular': '-134 K'}",126,"{'a': '9.2934 Å', 'b': '9.5413 Å', 'c': '3.2475 Å'}",,,,
magnetic,Mn2BO4,,26,Monoclinic,6.25 μB/f.u.,10.1016/j.jmmm.2017.12.037,Mn2BO4,,P21/a,0,B1O4.0Mn2.0,,26 K,-118 K,-118,,,,,
magnetic,Mn2CoO4,,40,Tetragonal,,10.1016/j.physb.2020.412402,Mn2CoO4,Tetragonal,I41/amd,0,O4.0Mn2.0Co1,,40 K,,,"{'a': '5.72730 Å', 'c': '9.2566 Å'}",,,,
magnetic,Mn2CoO4,,42,Cubic,,10.1016/j.physb.2020.412402,Mn2CoO4,Cubic,Fd-3m,0,O4.0Mn2.0Co1,,42 K,,,{'a': '8.45787 Å'},,,,
magnetic,Mn2GeSe4,,66,,,10.1016/j.jmmm.2019.165991,Mn2GeSe4,,,0,Mn2.0Ge1Se4.0,,66 K,,,,,,,
magnetic,Mn2InSbO6,,,R3,,10.1016/j.jallcom.2017.12.282,Mn2InSbO6,Trigonal,R3,0,O6.0Mn2.0In1Sb1,,,-64 K,-64,"{'a': '8.9313 Å', 'c': '10.7071 Å'}",,,,
magnetic,Mn2O3,,52.5,Orthorhombic,,10.1016/j.jallcom.2020.158567,Mn2O3,Pbca,Pbca,0,O3.0Mn2.0,,"80 K, 25 K",,,"{'a': '9.415 Å', 'b': '9.423 Å', 'c': '9.404 Å'}",,,,
magnetic,Mn2O3,,90,,,10.1016/j.apsusc.2007.06.020,Mn2O3,,,0,O3.0Mn2.0,,90K,,,,,,,
magnetic,Mn2P,,103,,,10.1016/j.apsusc.2007.06.020,Mn2P,,,0,P1Mn2.0,,103K,,,,,,,
magnetic,Mn2PO4F,,15 K,Monoclinic,4.22 μB,10.1016/S0304-8853(97)80011-X,Mn2PO4F,,C2/c,0,,,15 K,-50 K,-50 K,"{'a': '13.395 Å', 'b': '6.495 Å', 'c': '10.078 Å'}",,,,
magnetic,Mn2Sb,550,,Tetragonal,"2.1 μB (MnI), 3.9 μB (MnII)",10.1016/j.jmmm.2019.165315,Mn2Sb,Tetragonal,P 4/nmm,0,Mn2.0Sb1,550 K,,,,,,,,
magnetic,Mn2Sb,550,,Tetragonal,4.8 μB/f.u. (8 nm thickness),10.1016/j.actamat.2023.119257,Mn2Sb,Cu2Sb-type centrosymmetric,P4/nmm,0,Mn2.0Sb1,550 K,,,,"{'a': '4.08 Å', 'b': '4.08 Å', 'c': '6.56 Å'}",,315 emu/cc (16 nm thickness at 300 K),0.4 μB/f.u. (in-plane at 24 nm thickness),
magnetic,Mn2Sb,550,,Tetragonal Cu2Sb,"2.1 μB (Mn1), 3.9 μB (Mn2)",10.1016/S0921-4526(01)01471-5,Mn2Sb,,,0,Mn2.0Sb1,550 K,,,,,,,,
magnetic,Mn2Sb,,550,,"Mn1: 2.88 μB, Mn2: -3.82 μB",10.1016/j.jmmm.2014.08.005,Mn2Sb,,,0,Mn2.0Sb1,,550 K,,,"{'a': '4.078 Å', 'b': '4.078 Å', 'c': '6.557 Å'}",,,,
magnetic,Mn2SiO4,,47.1,,,10.1016/S0022-3093(00)00136-8,Mn2SiO4,,,0,O4.0Si1Mn2.0,,47.1 K,,,,,,,
magnetic,Mn2SiO4,,47,,,10.1016/j.gca.2009.03.011,Mn2SiO4,,,0,O4.0Si1Mn2.0,,47 K,,,,,,,
magnetic,Mn2SiS4,,86 K,Olivine,,10.1016/j.jmmm.2009.11.013,Mn2SiS4,Orthorhombic,Pnma,0,,,86 K,,,,,,,
magnetic,Mn2SiS4,,83.5 K,Olivine,,10.1016/j.jmmm.2006.10.443,Mn2SiS4,Orthorhombic,Pnma,0,,,83.5 K,,,,,,,Enhanced under small magnetic field along a- and c-axes near TN
magnetic,Mn2SiS4,86 K,83 K,,,10.1016/0304-8853(94)01665-8,Mn2SiS4,,,0,,86 K,83 K,,,,,,,
magnetic,Mn2SiS4,,83K,Olivine,,10.1016/0304-8853(94)90716-1,Mn2SiS4,,,0,,,83,,,,,,,
magnetic,Mn2SiSe4,,66,,,10.1016/j.jmmm.2019.165991,Mn2SiSe4,,,0,Si1Mn2.0Se4.0,,66 K,,,,,,,
magnetic,Mn2V2O7,,20,"{'alpha_form': 'Triclinic', 'beta_form': 'Monoclinic'}","{'alpha_form': '6.27 μB', 'beta_form': '6.29 μB'}",10.1016/j.jssc.2007.11.028,Mn2V2O7,"{'alpha_form': 'Triclinic', 'beta_form': 'Monoclinic'}","{'alpha_form': 'P-1', 'beta_form': 'C2/m'}",0,O7.0V2.0Mn2.0,,20 K,"{'alpha_form': {'Curie_Constant': '9.829 emu K/mol', 'Weiss_Constant': '-42.66 K'}, 'beta_form': {'Curie_Constant': '9.895 emu K/mol', 'Weiss_Constant': '-26.66 K'}}",,"{'alpha_form': {'a': '6.868 Å', 'b': '7.976 Å', 'c': '10.927 Å'}, 'beta_form': {'a': '6.7129 Å', 'b': '8.7245 Å', 'c': '4.9693 Å'}}",,,,
magnetic,Mn2V2O7,,18.2,Monoclinic,,10.1016/j.matlet.2008.08.054,Mn2V2O7,,C2/m (12),0,O7.0V2.0Mn2.0,,18.2 K,,,"{'a': '6.70 Å', 'b': '8.72 Å', 'c': '4.96 Å'}",,,,
magnetic,Mn3GaN,,290,Cubic,,10.1016/j.jmmm.2020.167137,Mn3GaN,Cubic,Pm-3m,0,N1Mn3.0Ga1,,290 K,,,{'a': '3.8854 Å'},,,,
magnetic,Mn4N,739,,Face-centered cubic,1.29 μB/f.u. at 100 K,10.1016/j.jcrysgro.2022.126899,Mn4N,Cubic,,0,N1Mn4.0,738-740 K,,,,{'a': '3.85'},,"0.65 μB/f.u. at 350 K, 0.99 μB/f.u. at 200 K, 1.29 μB/f.u. at 100 K",,
magnetic,Mn4N,,740,,,10.1016/j.physb.2005.12.166,Mn4N,,,0,N1Mn4.0,,740 K,,,,,,,
magnetic,Mn4N,780,,Cubic,1.1 μB/f.u.,10.1016/j.actamat.2022.118021,Mn4N,Pm-3m,Pm-3m,0,N1Mn4.0,780 K,,,,{'a': '3.865 Å'},,,,
magnetic,Mn5Si3,,83,"Hexagonal, Orthorhombic, Monoclinic",,10.1016/j.jmmm.2021.167909,Mn5Si3,,"P63/mcm, Ccmm, Cc2m",0,Si3.0Mn5.0,,"100 K, 66 K",,,,,,,
magnetic,Mn5Si3,,98,Hexagonal,,10.1016/j.jmmm.2009.03.067,Mn5Si3,hP16,P63/mcm,0,Si3.0Mn5.0,,98 K,,,"{'a': '0.6910 nm', 'b': '0.6910 nm', 'c': '0.4814 nm'}",,,,
magnetic,Mn5Si3,250,,Hexagonal,,10.1016/j.jmmm.2018.10.096,Mn5Si3,,,0,Si3.0Mn5.0,250 K,,,,,,,,
magnetic,Mn5Si3,350,83,,,10.1016/j.intermet.2017.03.026,Mn5Si3,,,0,Si3.0Mn5.0,350 K,"68 K, 98 K",,,,,,,
magnetic,Mn5Si3,30,,Hexagonal,1.49 BM,10.1016/j.jallcom.2014.06.202,Mn5Si3,D8_8,P63/mcm,0,Si3.0Mn5.0,30 K,,,,,,,,
magnetic,Mn5Si3,,99,Hexagonal,,10.1016/S0921-4526(02)01119-5,Mn5Si3,D88,,0,Si3.0Mn5.0,,99 K,,,,,,,
magnetic,Mn5Si3,,68 K,D88,,table 27: crystallographic and magnetic data for t5x3 compounds.,Mn5Si3,,,0,,,68 K,,,"{'a': '6.916 Å', 'b': 'NA', 'c': '4.824 Å'}",,,,
magnetic,Mn5SiB2,480,,Tetragonal,1.5-1.6 μB per Mn atom,10.1016/j.jmmm.2009.03.067,Mn5SiB2,tI32,I4/mcm,0,B2.0Si1Mn5.0,470-490 K,,,,"{'a': '0.561 nm', 'b': '0.561 nm', 'c': '1.044 nm'}",,5.35×10^5 A/m (0.67 T),,
magnetic,Mn5SiB2,410,,,,10.1016/j.jallcom.2010.08.019,Mn5SiB2,,,0,B2.0Si1Mn5.0,410 K,,,,,,,,
magnetic,Mn5SiB2,406,,Tetragonal,1.37 μB/atom,10.1016/j.jallcom.2024.173485,Mn5SiB2,Cr5B3-type,I 4/mcm,0,B2.0Si1Mn5.0,406 K,,,,"{'a': '5.61032 Å', 'c': '10.44349 Å'}",,105.56 Am2/kg,,
magnetic,Mn5SiB2,441,,Tetragonal,1.57 μB/Mn atom,10.1016/j.jallcom.2021.161377,Mn5SiB2,Body-centered,I 4/ mcm,0,B2.0Si1Mn5.0,441 K,,,,"{'a': '5.608', 'b': '5.608', 'c': '10.432'}",,0.53 × 10^5 A/m at 10 K,,
magnetic,Mn5SiB2,312 K,,D81,,table 27: crystallographic and magnetic data for t5x3 compounds.,Mn5SiB2,,,0,,312 K,,,,"{'a': '5.61 Å', 'b': 'NA', 'c': '10.44 Å'}",,,,
magnetic,Mn7SiO12,,94,,,10.1016/j.gca.2009.03.011,Mn7SiO12,,,0,O12.0Si1Mn7.0,,94 K,,,,,,,
magnetic,MnCoAs,350,,Co2P-type,,10.1016/S0925-8388(02)00433-4,MnCoAs,Orthorhombic,,0,Mn1Co1As1,350 K,,,,"{'a': '6.202 Å', 'b': '3.720 Å', 'c': '6.990 Å'}",,,,
magnetic,MnCoAs,"350 K, 345 K",,O,,Handbook of Magnetic Materials,MnCoAs,,,0,,"350 K, 345 K",,,,"{'a': '6.212', 'b': '3.722', 'c': '7.007'}",,"3.16, 2.89",,
magnetic,MnCr2O4,43.45,,Cubic Spinel,,10.1016/j.jmmm.2022.169486,MnCr2O4,Face-centered cubic,Fd-3m,0,O4.0Cr2.0Mn1,"43.45 ± 0.01 K (900 °C), 42.66 ± 0.03 K (1050 °C)",,"47.40 ± 0.06 K (900 °C), 45.32 ± 0.07 K (1050 °C)",47.4,"{'a': '8.441 ± 0.002 Å (900 °C), 8.437 ± 0.002 Å (1050 °C)'}",,"2.554 ± 0.006 Am²/kg (10 K, 900 °C), 24.7 ± 0.1 Am²/kg (10 K, 1050 °C)",,
magnetic,MnCr2O4,42,,Spinel,1.1 μB,10.1016/j.jmmm.2012.06.015,MnCr2O4,Cubic,,0,O4.0Cr2.0Mn1,42 K,,,,"{'a': '8.4367 Å', 'b': '8.4367 Å', 'c': '8.4367 Å'}",Increases abruptly below Ts,,,No frequency dependence
magnetic,MnCr2O4,42,,Cubic Spinel,,10.1016/j.jmmm.2017.03.068,MnCr2O4,Cubic,Fd3̄m (No. 227),0,O4.0Cr2.0Mn1,42 K,,,,"{'a': '8.4442 Å', 'b': '8.4442 Å', 'c': '8.4442 Å'}",,,,
magnetic,MnCr2O4,54,20,Normal Spinel,,10.1016/j.jallcom.2020.155031,MnCr2O4,Face-centered cubic (FCC),Fd3m,0,O4.0Cr2.0Mn1,54 K,20 K,,,,,28.8 emu/g,,
magnetic,MnCr2O4,42.88,,Spinel,,10.1016/j.jallcom.2017.07.282,MnCr2O4,Cubic,,0,O4.0Cr2.0Mn1,42.88 K,,,,,,,,
magnetic,MnFeAs,190,470,Tetragonal,"3.36 μB (Mn), 0.03 μB (Fe)",10.1016/S0925-8388(00)01347-5,MnFeAs,Fe2As-type,P4/nmm,0,Mn1Fe1As1,190 K,470 K,,,"{'a': '3.7429 Å', 'c': '5.9947 Å'}",,,,
magnetic,MnFeAs,190,,Hexagonal,"3.14 μB (Mn), 1.54 μB (Fe)",10.1016/S0925-8388(00)01347-5,MnFeAs,Fe2P-type,P-62m,0,Mn1Fe1As1,190 K,,,,"{'a': '6.263 Å', 'c': '3.5440 Å'}",,4.5 μB/f.u.,,
magnetic,MnFeAs,,"463 K, 450 K",T,,Handbook of Magnetic Materials,MnFeAs,,,0,,,"463 K, 450 K",,,"{'a': '3.745', 'b': 'NA', 'c': '6.076'}",,"FeI 0.2, MnII 3.6",,
magnetic,MnIr,,960K,CuAu-I-type,3.1 μB (Mn),10.1016/S0304-8853(98)01199-8,MnIr,Tetragonal,P4/mmm,0,,,960K,,,"{'a': '3.87 Å', 'c': '3.61 Å'}",,,,
magnetic,MnIr,,"1080 K (40.2% Ir), 1145 K (50.1% Ir)",L10-type,,10.1016/j.jmmm.2003.11.277,MnIr,,,0,,,"1080 K (40.2% Ir), 1145 K (50.1% Ir)",,,,,,,
magnetic,MnNi,,1140K,CuAu-I-type,"4.0 μB (Mn), <0.6 μB (Ni)",10.1016/S0304-8853(98)01199-8,MnNi,Tetragonal,,0,,,1140K,,,,,,,
magnetic,MnNi,970 K,,L10,"3.1, 4.4 μB",10.1016/j.jmmm.2012.12.050,MnNi,Tetragonal,P4/mmm,0,,970 K,,,,"{'a': '3.62 Å', 'b': '3.62 Å', 'c': '3.58 Å'}",,,,
magnetic,MnNi,,800–1000 K,AuCu-I type,,10.1016/S0304-8853(01)00643-6,MnNi,,,0,,,800–1000 K,,,,,,,
magnetic,MnNi,,1073 K,,4 μB/Mn,10.1016/j.jmmm.2009.06.020,MnNi,,,0,,,1073 K,,,,,,,
magnetic,MnNi,,1070 K,L10-type,,10.1016/j.jmmm.2003.11.277,MnNi,,,0,,,1070 K,,,,,,,
magnetic,MnNiGe,277,346,TiNiSi-type,,10.1016/j.jmmm.2017.04.061,MnNiGe,,P nma,0,Mn1Ni1Ge1,277 K,346 K,,,,,,,
magnetic,MnNiGe,205,350,Hexagonal (Ni2In-type) and Orthorhombic (TiNiSi-type),2.8 μB,10.1016/j.jmmm.2019.165977,MnNiGe,Hexagonal and Orthorhombic,"P63/mmc (Hexagonal), Pnma (Orthorhombic)",0,Mn1Ni1Ge1,205 K,350 K,,,,,,,
magnetic,MnNiGe,,346,"Hexagonal (austenite phase), Orthorhombic (martensite phase)",,10.1016/j.jmmm.2021.168767,MnNiGe,"Hexagonal (austenite phase), Orthorhombic (martensite phase)","P63/mmc (hexagonal), Pnma (orthorhombic)",0,Mn1Ni1Ge1,,346 K,,,,,,,
magnetic,MnNiGe,,346,,,10.1016/j.jmmm.2022.169177,MnNiGe,,,0,Mn1Ni1Ge1,,346 K,,,,,,,
magnetic,MnNiGe,,346,Hexagonal (Ni2In-type) to Orthorhombic (TiNiSi-type),,10.1016/j.jmmm.2013.07.066,MnNiGe,,P63/mmc to Pnma,0,Mn1Ni1Ge1,,346 K,,,,,,,
magnetic,MnNiGe,,352,Orthorhombic,,10.1016/j.jallcom.2023.170082,MnNiGe,TiNiSi-type,Pnma,0,Mn1Ni1Ge1,,352 K,,,,,,,
magnetic,MnNiGe,,346,,,10.1016/j.jallcom.2014.01.023,MnNiGe,,,0,Mn1Ni1Ge1,,346 K,,,,,,,
magnetic,MnNiGe,,346,Orthorhombic,,10.1016/j.jallcom.2013.11.063,MnNiGe,TiNiSi-type,Pnma,0,Mn1Ni1Ge1,,346 K,,,,,,,
magnetic,MnNiGe,,356 K,TiNiSi,,Handbook of Magnetic Materials,MnNiGe,Orthorhombic,,0,,,356 K,,,"{'a': '6.048', 'b': '3.753', 'c': '7.094'}",,2.3 μB,,
magnetic,MnP,291.5,47,Orthorhombic,,10.1016/j.jmmm.2006.01.195,MnP,Distorted NiAs-type hexagonal,,0,P1Mn1,291.5 K,47 K,,,"{'a': '5.916 Å', 'b': '5.260 Å', 'c': '3.173 Å'}",,,,
magnetic,MnP,291.9,,Orthorhombic,,10.1016/S0304-8853(02)01468-3,MnP,,,0,P1Mn1,291.9 K,,,,,,,,
magnetic,MnP,598.15,47,Orthorhombic,,10.1016/j.jmmm.2019.03.072,MnP,,,0,P1Mn1,"275 K (300 °C growth), 325 K (400 °C growth)",47 K,,,"{'a': '5.916 Å (bulk), 5.839 Å (400 °C growth)', 'b': '3.173 Å (bulk), 3.164 Å (400 °C growth)', 'c': '5.260 Å (bulk), 5.301 Å (400 °C growth)'}",,,,
magnetic,MnP,292,47,,,10.1016/j.jssc.2008.03.012,MnP,,,0,P1Mn1,292 K,47 K,,,,6000 Oe at 5 K,,,
magnetic,MnP,290,,,,10.1016/j.jcrysgro.2003.11.064,MnP,,,0,P1Mn1,290 K,,,,,,,,
magnetic,MnP,291,,,,10.1016/j.apsusc.2007.06.020,MnP,,,0,P1Mn1,291K,,,,,,,,
magnetic,MnP,291,,3D Network,"2.0 μB (FM), 0 μB (AFM(NM)), 2.9 μB (Exp.)",10.1016/j.mseb.2010.02.007,MnP,Orthorhombic,,0,P1Mn1,<291 K,,,,"{'a': '0.5263', 'b': '0.3209', 'c': '0.5864'}",,,,
magnetic,MnP,291,,Distorted NiAs-type,,10.1016/j.jmmm.2013.07.019,MnP,Orthorhombic,B31,0,P1Mn1,291 K,,,,"{'a': '5.916 Å', 'b': '5.260 Å', 'c': '3.173 Å'}",,,,
magnetic,MnP,292,,,,10.1016/j.jpcs.2005.09.098,MnP,,,0,P1Mn1,292 K,,,,,,,,
magnetic,MnP,291 K,,MnP,,Handbook of Magnetic Materials,MnP,Orthorhombic,,0,,291 K,,,,"{'a': '5.258', 'b': '3.172', 'c': '5.918'}",,1.3 μB,,
magnetic,MnPt,,973.15,CuAu FCT-type,,10.1016/S0304-8853(00)00475-3,MnPt,FCC,,0,Mn1Pt1,,700°C,,,,,,,
magnetic,MnSb,585,,Hexagonal,,10.1016/j.jmmm.2019.165315,MnSb,Hexagonal,P 63/mmc,0,Mn1Sb1,585 K,,,,"{'a': '4.204 Å', 'c': '5.685 Å'}",,,,
magnetic,MnSb,587,,NiAs-type hexagonal,3.76 μB,10.1016/j.jmmm.2021.168380,MnSb,Hexagonal,P63/mmc,0,Mn1Sb1,587 K,,,,"{'a': '4.130 Å', 'b': '4.130 Å', 'c': '5.790 Å'}",,110 emu/g,,
magnetic,MnSb,568,,Hexagonal,2.848 μB per Mn atom,10.1016/j.jmmm.2022.169873,MnSb,Hexagonal,P63/mmc (194),0,Mn1Sb1,568 K,,,,"{'a': '4.139 Å', 'c': '5.782 Å'}",4 Oe,90 emu/g,,
magnetic,MnSb,587,,,,10.1016/j.jallcom.2023.172653,MnSb,,,0,Mn1Sb1,587 K,,,,,,,,
magnetic,MnSb,560,,Hexagonal,,10.1016/j.tsf.2020.137971,MnSb,,,0,Mn1Sb1,560 K,,,,,,,,
magnetic,MnSb,520,,Hexagonal,,10.1016/j.jallcom.2022.165919,MnSb,,P63/mmc,0,Mn1Sb1,520 K,,,,,,,,
magnetic,MnSb,587.15,,NiAs-type,,10.1016/j.jcrysgro.2006.08.031,MnSb,Hexagonal close packing,,0,Mn1Sb1,314 °C,,,,"{'a': '4.128 Å', 'c': '5.789 Å'}",,,,
magnetic,MnSb,580,,,,10.1016/j.jmmm.2009.11.024,MnSb,,,0,Mn1Sb1,580 K,,,,,,,,
magnetic,MnSb,587,,NiAs-type,,10.1016/j.jmmm.2016.10.093,MnSb,Hexagonal,,0,Mn1Sb1,587 K,,,,,,30 emu/g,,
magnetic,MnSb,580,,,,10.1016/j.radphyschem.2011.02.010,MnSb,,,0,Mn1Sb1,580 K,,,,,,,,
magnetic,MnSb,587,,Zinc Blende,4 μB,10.1016/j.physb.2019.08.001,MnSb,Cubic,F-43m (No. 216),0,Mn1Sb1,587 K,,,,{'a': '6.178 Å'},,,,
magnetic,MnSb,580 K,,NiAs,,Handbook of Magnetic Materials,MnSb,Hexagonal,,0,,580 K,,,,"{'a': '4.139', 'b': 'NA', 'c': '5.754'}",,3.5 μB,,
magnetic,MnV2O6,,20,Monoclinic,4.60 μB,10.1016/j.jmmm.2019.165995,MnV2O6,,C 2/m,0,O6.0V2.0Mn1,,20 K,,,"{'a': '9.309 Å', 'b': '3.534 Å', 'c': '6.752 Å'}",,,,
magnetic,MnV2O6,,4.7,Orthorhombic,6.0 μB,10.1016/j.jmmm.2019.165907,MnV2O6,Pbcn,Pbcn,0,O6.0V2.0Mn1,,4.7 K,-24.6 K,-24.6,"{'a': '13.7722 Å', 'b': '5.6004 Å', 'c': '4.8779 Å'}",,,,
magnetic,MnWO4,,13.5,Monoclinic,,10.1016/j.jssc.2008.03.009,MnWO4,,P2/c,0,O4.0Mn1W1,,13.5 K,-25 K,-25,"{'a': '0.4813 nm', 'b': '0.5783 nm', 'c': '0.5008 nm'}",,,,
magnetic,MnWO4,,13.5,Monoclinic,,10.1016/j.jmmm.2015.06.039,MnWO4,Primitive,P2,0,O4.0Mn1W1,,13.5 K,,,"{'a': '4.831 Å', 'b': '5.756 Å', 'c': '4.998 Å'}",,,,
magnetic,MnWO4,,13.5,Monoclinic,,10.1016/j.jssc.2014.07.039,MnWO4,,P2/c,0,O4.0Mn1W1,,13.5 K,,,"{'a': '4.8178', 'b': '5.7442', 'c': '4.9853'}",,,,
magnetic,MnWO4,,13.5,Wolframite,,10.1016/j.jmmm.2015.09.033,MnWO4,Monoclinic,P 2/c,0,O4.0Mn1W1,,13.5 K,,,,,,,
magnetic,MnWO4,,13.5,Monoclinic,6.0 μB/f.u.,10.1016/j.jssc.2016.09.022,MnWO4,Monoclinic,P 2/c,0,O4.0Mn1W1,,13.5 K,-71.9 K,-71.9,"{'a': '4.8178 Å', 'b': '5.7442 Å', 'c': '4.9853 Å'}",,,,
magnetic,Na2MnPO4F,,10.4,Monoclinic,3.9 μB,10.1016/j.jssc.2022.122926,Na2MnPO4F,,P21/n (#14),0,O4.0F1Na2.0P1Mn1,,10.4 K,-41.1 K,-41.1,,,,,
magnetic,Na3Fe3(PO4)4,,27.7,Monoclinic,5.51 μB,10.1016/j.jssc.2018.03.016,Na3Fe3(PO4)4,C 2/c,C 2/c,0,O16.0Na3.0P4.0Fe3.0,,27.7 K,-183 K,-183,"{'a': '19.649 Å', 'b': '6.392 Å', 'c': '10.597 Å'}",,,,
magnetic,NaFeO2,,11,Trigonal,,10.1016/j.jallcom.2018.02.278,NaFeO2,,R3̄m,0,O2.0Na1Fe1,,11 K,,,"{'a': '3.03 Å', 'c': '5.64 Å'}",,,,
magnetic,NaMnFeF6,,45 K,Trigonal,"{'Fe1a': '-4.34μB', 'Fe2d': '-4.42μB', 'Mn3f': '4.70μB'}",10.1016/0304-8853(88)90063-7,NaMnFeF6,,P321,0,,,45 K,,,"{'a': '9.021(2) Å', 'c': '4.962(1) Å'}",,,,
magnetic,NdFeO3,,1.05,,,10.1016/j.jmmm.2017.07.047,NdFeO3,,,0,O3.0Fe1Nd1,,1.05 K,,,,,,,
magnetic,NdFeO3,,760,Orthorhombic,,10.1016/j.jmmm.2020.166539,NdFeO3,,Pnma,0,O3.0Fe1Nd1,,760 K,,,,,,,
magnetic,NdFeO3,,690,Orthorhombic,,10.1016/j.physb.2017.10.121,NdFeO3,,Pnma,0,O3.0Fe1Nd1,,690K,,,"{'a': '0.55879 nm', 'b': '0.77612 nm', 'c': '0.54505 nm'}",,,,
magnetic,NdFeO3,,679,Orthorhombic,,10.1016/j.physb.2018.10.032,NdFeO3,Perovskite,Pbnm,0,O3.0Fe1Nd1,,679 K,,,"{'a': '5.4509', 'b': '5.5821', 'c': '7.7614'}",,,,
magnetic,NdFeO3,,700,Orthorhombic,3.88 μB,10.1016/S0254-0584(01)00273-5,NdFeO3,Pnma,Pnma,0,O3.0Fe1Nd1,,700 K,-80 K,-80,"{'a': '5.571', 'b': '7.753', 'c': '5.439'}",,,,
magnetic,NdFeO3,,675,,,10.1016/S0304-8853(00)00597-7,NdFeO3,,,0,O3.0Fe1Nd1,,675,,,,,,,
magnetic,NdFeO3,,519,Orthorhombic,,10.1016/j.jallcom.2018.11.095,NdFeO3,Perovskite,Pbnm,0,O3.0Fe1Nd1,,519 K,,,"{'a': '5.570 Å', 'b': '5.448 Å', 'c': '7.746 Å'}",,,,
magnetic,NdFeO3,,760,Orthorhombic,,10.1016/j.ceramint.2021.09.150,NdFeO3,Distorted Orthorhombic,Pbnm,0,O3.0Fe1Nd1,,760 K,,,,5.70 kOe,,0.79 emu/g,
magnetic,NdFeO3,,760,Orthorhombic,,10.1016/j.ceramint.2013.04.084,NdFeO3,Orthorhombic,Pbnm,0,O3.0Fe1Nd1,,760 K,,,"{'a': '5.459 Å', 'b': '5.593 Å', 'c': '7.761 Å'}",,,,
magnetic,NdFeO3,,760,Orthorhombic,,10.1016/j.jmmm.2013.06.024,NdFeO3,,Pnma,0,O3.0Fe1Nd1,,760 K,,,,,,,
magnetic,NdFeO3,,690,Orthorhombic,,10.1016/j.ceramint.2016.01.209,NdFeO3,Perovskite,Pbnm,0,O3.0Fe1Nd1,,690 K,,,,,,,
magnetic,NdMn2O5,,30,Orthorhombic,,10.1016/j.jmmm.2013.10.034,NdMn2O5,,Pbam,0,O5.0Mn2.0Nd1,,30 K,,,,,,,
magnetic,NdMn2O5,,75,Orthorhombic,7.31,10.1016/j.jssc.2007.02.005,NdMn2O5,,Pbam,0,O5.0Mn2.0Nd1,,75,-154,-154,"{'a': '7.501', 'b': '8.620', 'c': '5.701'}",,,,
magnetic,NdMn2O5,,4,Orthorhombic,3.2 μB,10.1016/j.physb.2014.11.074,NdMn2O5,,Pbam,0,O5.0Mn2.0Nd1,,4 K,-161 K,-161,,,,,
magnetic,NdMnFeGe2,95,219,ThCr2Si2-type,,10.1016/S0304-8853(01)00927-1,NdMnFeGe2,Tetragonal,I4/mmm,0,Mn1Fe1Ge2.0Nd1,95 K,219 K,,,,,,,
magnetic,Ni3(PO4)2,,17.1,Monoclinic,3.29 μB,10.1016/j.jssc.2005.06.022,Ni3(PO4)2,,P 21/c,0,O8.0P2.0Ni3.0,,17.1 K,-33.3 K,-33.3,"{'a': '5.824 Å (300 K), 5.814 Å (1.5 K)', 'b': '4.694 Å (300 K), 4.689 Å (1.5 K)', 'c': '10.101 Å (300 K), 10.084 Å (1.5 K)'}",,,,4.08 cm³ K mol⁻¹
magnetic,Ni3(PO4)2,,17,monoclinic,"2.6 μB (Ni1), 2.2 μB (Ni2)",10.1016/j.jallcom.2020.155028,Ni3(PO4)2,P 21/c,P 21/c,0,O8.0P2.0Ni3.0,,17 K,-33.3 K,-33.3,"{'a': '5.830 Å', 'b': '4.700 Å', 'c': '10.107 Å'}",,,,
magnetic,Ni3Pt,350,,L12,2.956 μB/f.u.,10.1016/j.physb.2022.414615,Ni3Pt,Cubic,Pm-3m,0,Ni3.0Pt1,350 K,,,,"{'a': '3.657 Å', 'b': '3.657 Å', 'c': '3.657 Å'}",,,,
magnetic,Ni3Pt,373,,DO22,0.55 μB/atom,10.1016/j.intermet.2010.01.011,Ni3Pt,Tetragonal,,0,Ni3.0Pt1,373 K,,,,,,,,
magnetic,Ni3Pt,373,,L12,0.62 μB/atom,10.1016/j.intermet.2010.01.011,Ni3Pt,Cubic,,0,Ni3.0Pt1,373 K,,,,,,,,
magnetic,Ni3Pt,388.15,,FCC,,10.1016/S0304-8853(00)01275-0,Ni3Pt,Cubic,,0,Ni3.0Pt1,115°C,,,,,,,,
magnetic,NiO,,500,Fm-3m,200 μB,10.1016/j.jmmm.2019.03.004,NiO,Cubic,Fm-3m,0,O1Ni1,,500 K,,,"{'a': '4.176 Å', 'b': '4.176 Å', 'c': '4.176 Å'}",,0.63 emu/g,,
magnetic,NiO,,227.714285714286,Rock salt,,10.1016/j.jmmm.2017.10.060,NiO,Cubic,Fm-3m,0,O1Ni1,,"465 K for 6 ML, 495 K for 18 ML, 510 K for 40 ML and 60 ML",,,"{'a': '4.176 Å', 'b': '4.176 Å', 'c': '4.176 Å'}",,,,
magnetic,NiO,780,525,Face Centered Cubic (fcc),,10.1016/j.jmmm.2016.01.057,NiO,Cubic,,0,O1Ni1,780 K,525 K,,,{'a': '4.159 Å'},154 Oe,1.17 emu/g,,
magnetic,NiO,,50,,,10.1016/j.jmmm.2020.166889,NiO,,,0,O1Ni1,,50 K,,,,,,,
magnetic,NiO,,300,,,10.1016/j.jmmm.2014.07.008,NiO,,,0,O1Ni1,,>300 K,,,,,,,
magnetic,NiO,,523,Cubic NaCl,,10.1016/j.jmmm.2010.03.001,NiO,Cubic,,0,O1Ni1,,523 K,,,,,,,
magnetic,NiO,780,525,fcc,,10.1016/j.jmmm.2019.165784,NiO,,,0,O1Ni1,780 K,525 K,,,{'a': '4.17 Å'},155 Oe,1.96 emu/g,,
magnetic,NiO,,523,fcc,,10.1016/j.jmmm.2015.08.082,NiO,,Fm-3m,0,O1Ni1,,523K,,,{'a': '4.1836'},109 Oe,0.180 emu/g,0.003 emu/g,
magnetic,NiO,,523,FCC,,10.1016/j.tsf.2019.04.034,NiO,Cubic,Fm-3m,0,O1Ni1,,523 K,,,{'a': '4.1 Å'},,,,
magnetic,NiO,,523,Rock Salt,,10.1016/j.jallcom.2003.09.088,NiO,Cubic,,0,O1Ni1,,523 K,,,,203 Oe (16.2 kA/m),,,
magnetic,NiO,,523,face-centered cubic (fcc),,10.1016/j.jallcom.2014.12.179,NiO,cubic,,0,O1Ni1,,523 K,,,{'a': '4.18'},,,,
magnetic,NiO,,523,Cubic,,10.1016/j.jallcom.2020.156789,NiO,Fm-3m,Fm-3m,0,O1Ni1,,523K,,,"{'a': '4.17', 'b': '4.17', 'c': '4.17'}",,,,
magnetic,NiO,,523,,,10.1016/j.poly.2005.03.158,NiO,,,0,O1Ni1,,523K,,,,750 Oe,,,
magnetic,NiO,,522,Cubic,,10.1016/j.jpcs.2013.02.004,NiO,Cubic,,0,O1Ni1,,522 K,,,,,,,
magnetic,NiO,,523,rocksalt-type,,10.1016/j.jmmm.2015.07.060,NiO,cubic,Fm-3m,0,O1Ni1,,523 K,,,{'a': '4.18 Å'},,,,
magnetic,NiO,,523,,,10.1016/j.apsusc.2012.02.114,NiO,,,0,O1Ni1,,523 K,,,,,,,
magnetic,NiO,,525,Rock Salt,,10.1016/j.jmmm.2016.06.009,NiO,FCC,Fm3m,0,O1Ni1,,525 K,,,,,,,
magnetic,NiO,,523,,,10.1016/j.jallcom.2014.05.059,NiO,,,0,O1Ni1,,523 K,,,,1000 Oe,,0.27 emu/g,
magnetic,NiO,,525,,,10.1016/j.micromeso.2008.08.023,NiO,,,0,O1Ni1,,525 K,,,,750 Oe,,,
magnetic,NiO,,56,Cubic (NaCl-type),2.87 μB per NiO unit,10.1016/j.jallcom.2015.06.027,NiO,Cubic,Fm-3m,0,O1Ni1,,56 K,24 K,24,{'a': '4.1766 Å'},,,,
magnetic,NiO,,573,,1.8×10^4 μB,10.1016/S0025-5408(03)00139-9,NiO,,,0,O1Ni1,,573 K,,,,193.6 Oe,2.5 emu/g,,
magnetic,NiO,,573,,,10.1016/S0025-5408(03)00139-9,NiO,,,0,O1Ni1,,573 K,,,,124.5 Oe,0.2923 emu/g,,21.8×10^−6 emu/g
magnetic,NiO,,573,,,10.1016/S0025-5408(03)00139-9,NiO,,,0,O1Ni1,,573 K,,,,131.4 Oe,0.3316 emu/g,,22.4×10^−6 emu/g
magnetic,NiO,,525,,,10.1016/j.chemphys.2006.02.025,NiO,,,0,O1Ni1,,525 K,,,,,,,
magnetic,NiO,,523,Face-centered cubic (fcc),,10.1016/j.vacuum.2010.04.017,NiO,,,0,O1Ni1,,523 K,,,,,,,
magnetic,NiPt,115,,FCC,,10.1016/S0304-8853(00)01275-0,NiPt,Cubic,,0,Ni1Pt1,115 K,,,,,,,,
magnetic,PrFeO3,,701,Orthorhombic,,10.1016/j.jmmm.2022.170216,PrFeO3,GdFeO3-type,Pnma,0,O3.0Fe1Pr1,,701 K,,,,,,,
magnetic,PrFeO3,,707,Orthorhombic,,10.1016/j.jssc.2022.122933,PrFeO3,Pbnm,,0,O3.0Fe1Pr1,,707 K,,,,,,,
magnetic,PrFeO3,,640,Orthorhombic perovskite,,10.1016/j.jallcom.2019.152043,PrFeO3,Orthorhombic,Pbnm,0,O3.0Fe1Pr1,,640 K,,,"{'a': '5.4834 Å', 'b': '5.5802 Å', 'c': '7.7879 Å'}",,,,
magnetic,PrFeO3,,711,,,10.1016/S0304-8853(00)00597-7,PrFeO3,,,0,O3.0Fe1Pr1,,711,,,,,,,
magnetic,PrFeO3,,738,Orthorhombic,,10.1016/j.jallcom.2016.06.177,PrFeO3,Orthorhombic,Pnma,0,O3.0Fe1Pr1,,738 K,,,,0.12 T,,,
magnetic,PrMn2O5,,100,Orthorhombic,6.7,10.1016/j.jssc.2007.02.005,PrMn2O5,,Pbam,0,O5.0Mn2.0Pr1,,100,-132,-132,"{'a': '7.562', 'b': '8.657', 'c': '5.717'}",,,,
magnetic,PrMn2O5,130,,Pbam,4.05 μB,10.1016/j.physb.2012.01.015,PrMn2O5,Orthorhombic,Pbam,0,O5.0Mn2.0Pr1,130 ± 10 K,,,,,,,,
magnetic,RbCr5S8,,42,Monoclinic,4.06,10.1016/j.jssc.2010.03.013,RbCr5S8,Triangular lattices and double chains,C2/m,0,S8.0Cr5.0Rb1,,42,-442,-442,,,,,Curie-Weiss type
magnetic,SmFeO3,,708,Orthorhombic,,10.1016/j.jmmm.2017.04.054,SmFeO3,,Pbnm,0,O3.0Fe1Sm1,,708 K,,,"{'a': '0.54 nm', 'b': '0.56 nm', 'c': '0.77 nm'}",,,,
magnetic,SmFeO3,,670,Orthorhombic,,10.1016/j.jmmm.2018.12.106,SmFeO3,Pnma,Pbnm,0,O3.0Fe1Sm1,,670 K,,,"{'a': '5.400 Å', 'b': '5.599 Å', 'c': '7.709 Å'}",,,,
magnetic,SmFeO3,,670,Pbnm,,10.1016/j.jmmm.2020.166505,SmFeO3,Orthorhombic,Pbnm,0,O3.0Fe1Sm1,,670 K,,,"{'a': '5.325 Å', 'b': '5.5035 Å', 'c': '7.6062 Å'}","{'SFO-1': '11160 Oe', 'SFO-2': '12110 Oe', 'SFO-3': '14049 Oe', 'SFO-4': '20568 Oe', 'SFO-5': '3294 Oe', 'SFO-6': '368 Oe'}",,"{'SFO-1': '0.247 emu/g', 'SFO-2': '0.262 emu/g', 'SFO-3': '0.264 emu/g', 'SFO-4': '0.440 emu/g', 'SFO-5': '0.509 emu/g', 'SFO-6': '0.488 emu/g'}",
magnetic,SmFeO3,,680,Orthorhombic,"0.35 μB (Sm3+), 0.0492 μB (Fe3+)",10.1016/j.jmmm.2017.07.047,SmFeO3,Distorted Perovskite,Pbnm,0,O3.0Fe1Sm1,,620-740 K,-2.16 K,-2.16,,,,,
magnetic,SmFeO3,,670,Perovskite,,10.1016/j.jmmm.2018.08.046,SmFeO3,Orthorhombic,Pnma,0,O3.0Fe1Sm1,,670 K,,,"{'a': '5.400 Å', 'b': '5.599 Å', 'c': '7.709 Å'}",,,,
magnetic,SmFeO3,,675,Orthorhombic,,10.1016/j.jallcom.2019.07.035,SmFeO3,Distorted Perovskite,Pbnm,0,O3.0Fe1Sm1,,650-700 K,,,,,,,
magnetic,SmFeO3,,675,Orthorhombic,,10.1016/j.jallcom.2022.166318,SmFeO3,Pbnm,Pbnm,0,O3.0Fe1Sm1,,650-700 K,,,,,,,
magnetic,SmFeO3,,680,,,10.1016/j.jcrysgro.2023.127262,SmFeO3,,,0,O3.0Fe1Sm1,,680 K,,,,,,,
magnetic,SmFeO3,,687,Orthorhombic,,10.1016/j.physb.2020.412185,SmFeO3,,Pamn,0,O3.0Fe1Sm1,,687 K,,,"{'a': '5.538 Å', 'b': '5.593 Å', 'c': '7.716 Å'}",974.8 Oe,,0.169 emu/g,
magnetic,SmFeO3,,700,Orthorhombic,,10.1016/S0254-0584(01)00273-5,SmFeO3,Pnma,Pnma,0,O3.0Fe1Sm1,,700 K,,,"{'a': '5.588', 'b': '7.710', 'c': '5.392'}",,,,
magnetic,SmFeO3,,666,,,10.1016/S0304-8853(00)00597-7,SmFeO3,,,0,O3.0Fe1Sm1,,666,,,,,,,
magnetic,SmFeO3,,672,Orthorhombic,,10.1016/j.jallcom.2016.03.150,SmFeO3,P,Pbnm,0,O3.0Fe1Sm1,,672 K,,,"{'a': '5.40', 'b': '5.59', 'c': '7.71'}",,0.24 emu/g,,
magnetic,SmFeO3,,671,Orthorhombic,,10.1016/j.physb.2023.415552,SmFeO3,Pbnm,Pbnm,0,O3.0Fe1Sm1,,671 K,,,"{'a': '5.404 Å', 'b': '5.595 Å', 'c': '7.714 Å'}",,,,
magnetic,SmFeO3,,230,Orthorhombic,"0.14 μB/f.u at 1 kOe, 0.206 μB/f.u at 10 kOe",10.1016/j.mseb.2010.05.024,SmFeO3,Pbnm,Pbnm,0,O3.0Fe1Sm1,,230 K,,,"{'a': '5.3970 Å', 'b': '5.5918 Å', 'c': '7.7043 Å'}",,"0.21 μB/f.u at 300 K, 0.288 μB/f.u at 10 K",,
magnetic,SmFeO3,,670,Orthorhombic,,10.1016/j.jallcom.2018.04.309,SmFeO3,ABO3 perovskite,Pnma,0,O3.0Fe1Sm1,,670 K,,,"{'a': '0.55385 nm', 'b': '0.5593 nm', 'c': '0.7719 nm'}",244 Oe,,4.03 × 10^−2 emu/g,
magnetic,SmFeO3,,664,Orthorhombic,,10.1016/j.jallcom.2023.170140,SmFeO3,,Pbnm,0,O3.0Fe1Sm1,,664 K,,,"{'a': '5.4038 Å', 'b': '5.6028 Å', 'c': '7.7148 Å'}",,,,
magnetic,SmFeO3,,673,Orthorhombic,,10.1016/j.physb.2023.414850,SmFeO3,Orthorhombic,Pnma,0,O3.0Fe1Sm1,,673 K,,,,,,,
magnetic,SmFeO3,,680,Orthorhombic,,10.1016/j.jcrysgro.2017.03.036,SmFeO3,Pbnm,Pbnm,0,O3.0Fe1Sm1,,680 K,,,"{'a': '5.30 Å', 'b': '5.60 Å', 'c': '7.62 Å'}",,,,
magnetic,SmFeO3,674,135,Orthorhombic,,10.1016/j.ceramint.2016.05.150,SmFeO3,Perovskite,Pbnm,0,O3.0Fe1Sm1,674 K,135 K,,,,264 Oe,9.5 emu/g,5.32 emu/g,
magnetic,SmFeO3,,670,Orthorhombic,,10.1016/j.actamat.2013.09.007,SmFeO3,,m2m,0,O3.0Fe1Sm1,,670 K,,,,,,,
magnetic,Sr2Co2O5,,570,Brownmillerite,3.00 μB,10.1016/j.jssc.2011.01.026,Sr2Co2O5,Orthorhombic,Imma,0,O5.0Co2.0Sr2.0,,570 K,,,"{'a': '5.4639 Å', 'b': '15.6486 Å', 'c': '5.5667 Å'}",,,,
magnetic,Sr2Co2O5,,570,Brownmillerite,,10.1016/j.jmmm.2005.11.009,Sr2Co2O5,,,0,O5.0Co2.0Sr2.0,,570K,,,,,,,
magnetic,Sr2Co2O5,,570,Brownmillerite,,10.1016/j.ssi.2006.01.026,Sr2Co2O5,,,0,O5.0Co2.0Sr2.0,,570 K,,,,,,,
magnetic,Sr2FeIrO6,,120,Monoclinic,,10.1016/j.jssc.2014.01.007,Sr2FeIrO6,,P21/n,0,O6.0Fe1Sr2.0Ir1,,120 K,,,"{'a': '5.550(1) Å', 'b': '5.578(1) Å', 'c': '7.842(1) Å'}",,,,
magnetic,Sr2FeIrO6,,120,,,10.1016/j.jssc.2016.09.004,Sr2FeIrO6,,,0,O6.0Fe1Sr2.0Ir1,,120 K,,,,,,,
magnetic,Sr2FeMoO6,308,,Double Perovskite,,10.1016/j.jmmm.2018.11.098,Sr2FeMoO6,c-axis oriented,,0,O6.0Fe1Sr2.0Mo1,308 K,,,,,32.65 mT,2.303 μB/f.u.,,
magnetic,Sr2FeMoO6,326,,Double Perovskite,,10.1016/j.jmmm.2018.11.098,Sr2FeMoO6,c-axis oriented,,0,O6.0Fe1Sr2.0Mo1,326 K,,,,,49.55 mT,1.701 μB/f.u.,,
magnetic,Sr2FeMoO6,307,,Double Perovskite,,10.1016/j.jmmm.2018.11.098,Sr2FeMoO6,c-axis oriented,,0,O6.0Fe1Sr2.0Mo1,307 K,,,,,34.55 mT,2.400 μB/f.u.,,
magnetic,Sr2FeMoO6,323,,Double Perovskite,,10.1016/j.jmmm.2018.11.098,Sr2FeMoO6,c-axis oriented,,0,O6.0Fe1Sr2.0Mo1,323 K,,,,,53.85 mT,1.574 μB/f.u.,,
magnetic,Sr2FeMoO6,394,,Tetragonal,,10.1016/j.jmmm.2018.07.001,Sr2FeMoO6,,I4/m,0,O6.0Fe1Sr2.0Mo1,394 K,,,,,,,,
magnetic,Sr2FeMoO6,450,,Rock-salt,,10.1016/j.jmmm.2009.03.004,Sr2FeMoO6,,,0,O6.0Fe1Sr2.0Mo1,450 K,,,,,,,,
magnetic,Sr2FeMoO6,372,,Double Perovskite,,10.1016/j.jmmm.2022.169990,Sr2FeMoO6,Tetragonal,,0,O6.0Fe1Sr2.0Mo1,372 K,,,,"{'a': '5.582 Å', 'c': '7.903 Å'}",,,,
magnetic,Sr2FeMoO6,400,,Double Perovskite,,10.1016/j.jmmm.2022.169990,Sr2FeMoO6,Tetragonal,,0,O6.0Fe1Sr2.0Mo1,400 K,,,,"{'a': '5.599 Å', 'c': '7.914 Å'}",,,,
magnetic,Sr2FeMoO6,430,,Double Perovskite,0.96 emu,10.1016/j.jmmm.2018.05.063,Sr2FeMoO6,Pseudocubic,,0,O6.0Fe1Sr2.0Mo1,410-450 K,,,,"{'a': '3.94 Å', 'b': '3.94 Å', 'c': '8.002 Å'}",15.7 Oe,,,
magnetic,Sr2FeMoO6,420,,Tetragonal,3.6 μB,10.1016/j.jmmm.2013.04.012,Sr2FeMoO6,Double Perovskite,I4/mmm,0,O6.0Fe1Sr2.0Mo1,420K,,,,"{'a': '5.57', 'b': '5.57', 'c': '7.89'}",,,,
magnetic,Sr2FeMoO6,365,,,,10.1016/j.jmmm.2004.11.310,Sr2FeMoO6,,,0,O6.0Fe1Sr2.0Mo1,310-420K,,,,,,,,
magnetic,Sr2FeMoO6,415,,Monoclinic,3.0 μB/f.u.,10.1016/j.jmmm.2006.07.016,Sr2FeMoO6,,P21/n,0,O6.0Fe1Sr2.0Mo1,415 K,,415 K,415,"{'a': '5.5793 Å', 'b': '5.5750 Å', 'c': '7.9290 Å'}",,1.0 μB/f.u. at 5 K,,
magnetic,Sr2FeMoO6,415,,Tetragonal,3.0 μB/f.u.,10.1016/j.jmmm.2006.07.016,Sr2FeMoO6,,I4/m,0,O6.0Fe1Sr2.0Mo1,415 K,,415 K,415,"{'a': '5.57212 Å', 'b': '5.57212 Å', 'c': '7.9053 Å'}",,3.0 μB/f.u. at 5 K,,
magnetic,Sr2FeMoO6,422,,Double Perovskite,,10.1016/S0304-8853(02)00370-0,Sr2FeMoO6,Cubic,,0,O6.0Fe1Sr2.0Mo1,422 K,,,,,,,,
magnetic,Sr2FeMoO6,393,,Tetragonal,2.4 μB,10.1016/S0921-4526(02)02568-1,Sr2FeMoO6,,,0,O6.0Fe1Sr2.0Mo1,393K,,,,"{'a': '5.585', 'b': '5.585', 'c': '7.914'}",,,,
magnetic,Sr2FeMoO6,430,,Tetragonal,,10.1016/j.physb.2007.12.003,Sr2FeMoO6,,I4/mmm,0,O6.0Fe1Sr2.0Mo1,410-450K,,,,,,,,
magnetic,Sr2FeMoO6,700,,,,10.1016/j.jssc.2014.10.019,Sr2FeMoO6,,,0,O6.0Fe1Sr2.0Mo1,700 K,,,,,,,,
magnetic,Sr2FeMoO6,375,,,,10.1016/j.jallcom.2006.06.039,Sr2FeMoO6,,,0,O6.0Fe1Sr2.0Mo1,330–420 K,,,,,,,,
magnetic,Sr2FeMoO6,375,,,,10.1016/S0925-8388(02)00781-8,Sr2FeMoO6,,,0,O6.0Fe1Sr2.0Mo1,330-420 K,,,,,,,,
magnetic,Sr2FeMoO6,430,,,,10.1016/j.jallcom.2020.155351,Sr2FeMoO6,,,0,O6.0Fe1Sr2.0Mo1,410-450 K,,,,,,,,
magnetic,Sr2FeMoO6,430,,Tetragonal,"Fe: 3.78 μB, Mo: -0.49 μB",10.1016/j.jssc.2006.01.043,Sr2FeMoO6,Tetragonal,I 4/m,0,O6.0Fe1Sr2.0Mo1,430 K,,,,"{'a': '5.5529 Å', 'c': '7.8993 Å'}",,2.8 μB/formula unit,,
magnetic,Sr2FeMoO6,425,,Tetragonal,3.20 μB at 77K,10.1016/j.physb.2003.11.032,Sr2FeMoO6,Tetragonal,I4/mmm,0,O6.0Fe1Sr2.0Mo1,425K,,,,"{'a': '5.573Å', 'c': '7.908Å'}",,,,
magnetic,Sr2FeMoO6,420,,Tetragonal,3.98 μB,10.1016/j.jssc.2011.10.026,Sr2FeMoO6,,I4/m,0,O6.0Fe1Sr2.0Mo1,410-430 K,,,,"{'a': '5.5690', 'c': '7.8994'}",,,,
magnetic,Sr2FeMoO6,400,,Tetragonal,,10.1016/j.physb.2006.08.010,Sr2FeMoO6,,,0,O6.0Fe1Sr2.0Mo1,400 K,,,,,,,,
magnetic,Sr2FeMoO6,420,,Tetragonal,3.8 μB,10.1016/j.jssc.2004.04.031,Sr2FeMoO6,I4/m,I4/m,0,O6.0Fe1Sr2.0Mo1,420 K,,,,,,,,
magnetic,Sr2FeMoO6,415,,Rock-salt,,10.1016/j.physb.2011.12.117,Sr2FeMoO6,Cubic,,0,O6.0Fe1Sr2.0Mo1,415 K,,,,,,3 μB/f.u. at 4.2 K,,
magnetic,Sr2FeMoO6,415,,,,10.1016/S0925-8388(03)00611-X,Sr2FeMoO6,,,0,O6.0Fe1Sr2.0Mo1,415 K,,,,,,,,
magnetic,Sr2FeMoO6,420,,,,10.1016/j.ssc.2005.12.011,Sr2FeMoO6,,,0,O6.0Fe1Sr2.0Mo1,420 K,,,,,,,,
magnetic,Sr2FeMoO6,435,,Cubic,,10.1016/S0304-8853(02)00901-0,Sr2FeMoO6,,,0,O6.0Fe1Sr2.0Mo1,420-450 K,,,,,,,,
magnetic,Sr2FeMoO6,420,,Tetragonal,3.51 μB/f.u.,10.1016/j.materresbull.2011.01.023,Sr2FeMoO6,,,0,O6.0Fe1Sr2.0Mo1,420 K,,,,,,,,
magnetic,Sr2FeMoO6,400,,,,10.1016/S0038-1098(02)00079-0,Sr2FeMoO6,,,0,O6.0Fe1Sr2.0Mo1,400K,,,,,,,,
magnetic,Sr2FeMoO6,420,,,,10.1016/j.jallcom.2007.02.141,Sr2FeMoO6,,,0,O6.0Fe1Sr2.0Mo1,420K,,,,,,,,
magnetic,Sr2FeMoO6,375,,,,10.1016/j.jmmm.2009.10.004,Sr2FeMoO6,,,0,O6.0Fe1Sr2.0Mo1,330-420 K,,,,,,,,
magnetic,Sr2FeMoO6,415,,Ordered perovskite,,10.1016/j.jmmm.2013.02.022,Sr2FeMoO6,,,0,O6.0Fe1Sr2.0Mo1,415 K,,,,,,,,
magnetic,Sr2FeMoO6,415,,,,10.1016/j.materresbull.2011.04.001,Sr2FeMoO6,,,0,O6.0Fe1Sr2.0Mo1,415 K,,,,,,,,
magnetic,Sr2FeMoO6,410,,,,10.1016/j.jallcom.2015.02.173,Sr2FeMoO6,,,0,O6.0Fe1Sr2.0Mo1,410 K,,,,,,,,
magnetic,Sr2FeMoO6,415,,,,10.1016/j.ssc.2014.12.001,Sr2FeMoO6,,,0,O6.0Fe1Sr2.0Mo1,415 K,,,,,,,,
magnetic,Sr2FeMoO6,415,,,,10.1016/j.jmmm.2013.08.042,Sr2FeMoO6,,,0,O6.0Fe1Sr2.0Mo1,415 K,,,,,,,,
magnetic,Sr2FeMoO6,415,,Rock-salt,3 μB/f.u.,10.1016/j.matchemphys.2015.06.046,Sr2FeMoO6,,,0,O6.0Fe1Sr2.0Mo1,415 K,,,,,,,,
magnetic,Sr2FeMoO6,400,,Tetragonal,,10.1016/j.jmmm.2003.12.418,Sr2FeMoO6,I4/mmm,I4/mmm,0,O6.0Fe1Sr2.0Mo1,400 K,,,,"{'a': '5.579 Å', 'c': '7.904 Å'}",,,,
magnetic,Sr2FeMoO6,400,,Double Perovskite,,10.1016/j.ssc.2006.01.042,Sr2FeMoO6,Rock-salt like,,0,O6.0Fe1Sr2.0Mo1,>400 K,,,,,,,,
magnetic,Sr2FeMoO6,420,,Double Perovskite,,10.1016/S0304-8853(01)01017-4,Sr2FeMoO6,,,0,O6.0Fe1Sr2.0Mo1,420 K,,,,,,,,
magnetic,Sr2FeMoO6,415,,,below 3.7–3.8 μB/fu,10.1016/j.jmmm.2013.04.086,Sr2FeMoO6,,,0,O6.0Fe1Sr2.0Mo1,415 K,,,,,,,,
magnetic,Sr2FeMoO6,415,,Double perovskite,,10.1016/j.physb.2007.11.001,Sr2FeMoO6,,,0,O6.0Fe1Sr2.0Mo1,415 K,,,,,,,,
magnetic,Sr2FeMoO6,410,,,,10.1016/j.jallcom.2012.01.091,Sr2FeMoO6,,,0,O6.0Fe1Sr2.0Mo1,410 K,,,,,,,,
magnetic,Sr2FeMoO6,421,,I4/m,,10.1016/j.physb.2009.12.013,Sr2FeMoO6,,I4/m,0,O6.0Fe1Sr2.0Mo1,421 K,,,,"{'a': '5.5711 Å', 'c': '7.8993 Å'}",,3.12 μB/f.u.,,
magnetic,Sr2FeMoO6,408,,Double Perovskite,20.04 e.m.u./g,10.1016/j.jallcom.2007.06.024,Sr2FeMoO6,,,0,O6.0Fe1Sr2.0Mo1,408K,,,,,,,,
magnetic,Sr2FeMoO6,415,,,,10.1016/j.jssc.2016.11.003,Sr2FeMoO6,,,0,O6.0Fe1Sr2.0Mo1,415 K,,,,,,,,
magnetic,Sr2FeMoO6,393,,Double Perovskite,,10.1016/j.physb.2014.07.033,Sr2FeMoO6,Cubic,,0,O6.0Fe1Sr2.0Mo1,393 K,,,,"{'a': '5.5707', 'b': '5.5707', 'c': '7.8976'}",,,,
magnetic,Sr2FeMoO6,420,,Tetragonal,3.5 μB/f.u.,10.1016/j.jallcom.2010.08.126,Sr2FeMoO6,,I 4/mmm,0,O6.0Fe1Sr2.0Mo1,420 K,,,,"{'a': '5.573', 'c': '7.902'}",,,,
magnetic,Sr2MnRuO6,,195 K,Tetragonal,6.17 μB,10.1016/j.jmmm.2024.172258,Sr2MnRuO6,,I4/mcm (#140),0,,,195 K,104.3 K,104.3 K,"{'a': '5.4633 Å', 'c': '7.9419 Å'}",3.19 KOe,0.29 μB/f.u.,0.02 μB/f.u.,
magnetic,SrFe2(PO4)2,,7,,,10.1016/j.physb.2012.10.005,SrFe2(PO4)2,,,0,O8.0P2.0Fe2.0Sr1,,7 K,,,,,,,
magnetic,SrFe2(PO4)2,,7.4,P2 1/c,,10.1016/j.solidstatesciences.2015.12.013,SrFe2(PO4)2,2D layer,P2 1/c,0,O8.0P2.0Fe2.0Sr1,,7.4 K,,,"{'a': '9.354 Å', 'b': '6.838 Å', 'c': '10.519 Å'}",,,,
magnetic,SrFe3(PO4)3,42,18,Orthorhombic,2.4 μB/f.u.,10.1016/j.physb.2012.10.005,SrFe3(PO4)3,Imma,Imma (No. 74),0,O12.0P3.0Fe3.0Sr1,42 K,18 K,-130 K,-130,"{'a': '10.438 Å', 'b': '13.421 Å', 'c': '6.556 Å'}",6000 Oe,2.4 μB/f.u. at 5 T,2.2 μB/f.u.,
magnetic,SrFeF5,,31.5,Monoclinic,,10.1016/j.jmmm.2019.165720,SrFeF5,P2_1/c,P2_1/c,0,F5.0Fe1Sr1,,"35 K, 28 K",-166 K,-166,"{'a': '7.062 Å', 'b': '7.289 Å', 'c': '14.704 Å'}",,,,
magnetic,SrMn2V2O8,,43,Tetragonal,,10.1016/j.jmmm.2011.05.056,SrMn2V2O8,,I41cd,0,O8.0V2.0Mn2.0Sr1,,43K,,,"{'a': '12.4422 Å', 'c': '8.6833 Å'}",,0.2 μB/fu at 7T,,
magnetic,TbMn2O5,,45,Orthorhombic,,10.1016/j.jmmm.2008.11.050,TbMn2O5,,Pbam,0,O5.0Mn2.0Tb1,,45 K,,,,,,,
magnetic,TbMn2O5,,5,,,10.1016/j.jssc.2023.124347,TbMn2O5,,,0,O5.0Mn2.0Tb1,,5 K,,,,,,,
magnetic,TbMn2O5,,5,,,10.1016/j.jallcom.2018.11.047,TbMn2O5,,,0,O5.0Mn2.0Tb1,,5 K,,,,,,,
magnetic,TbMn2O5,,,Orthorhombic,10.7,10.1016/j.jssc.2007.02.005,TbMn2O5,,Pbam,0,O5.0Mn2.0Tb1,,,-15,-15,"{'a': '7.322', 'b': '8.522', 'c': '5.677'}",,,,
magnetic,TlCr5S8,,50,Monoclinic,,10.1016/j.jssc.2010.03.013,TlCr5S8,,C2/m,0,S8.0Cr5.0Tl1,,50,,,,,,,
magnetic,TlCr5Se8,,55,Monoclinic,,10.1016/j.jssc.2010.03.013,TlCr5Se8,,C2/m,0,Cr5.0Se8.0Tl1,,55,,,,,,,
magnetic,TmMn2O5,,45,Orthorhombic,,10.1016/j.jmmm.2008.11.050,TmMn2O5,,Pbam,0,O5.0Mn2.0Tm1,,45 K,,,,,,,
magnetic,TmMn2O5,,4.8,Orthorhombic,,10.1016/j.jmmm.2008.11.051,TmMn2O5,,,0,O5.0Mn2.0Tm1,,4.8 K,,,,,,,
magnetic,YMn2O5,,45,,,10.1016/j.jmmm.2008.11.051,YMn2O5,,,0,O5.0Mn2.0Y1,,45 K,,,,,,,
magnetic,YMn2O5,,45,Orthorhombic,0.028 μBohr per Mn-ion,10.1016/j.jmmm.2006.01.214,YMn2O5,,Pbam,0,O5.0Mn2.0Y1,,45 K,,,"{'a': '7.285 Å', 'b': '8.449 Å', 'c': '5.640 Å'}",,,,
